Transaction_ID,Transaction_Amount,Transaction_Volume,Average_Transaction_Amount,Frequency_of_Transactions,Time_Since_Last_Transaction,Day_of_Week,Time_of_Day,Age,Gender,Income,Account_Type
TX0,1024.8357076505617,3,997.2347139765764,12,29,Friday,06:00,36,Male,1436074,Savings
TX1,1013.9520646100069,4,1020.2103056961305,7,22,Friday,01:00,41,Female,627069,Savings
TX2,970.9560932988243,1,989.496603856437,5,12,Tuesday,21:00,61,Male,786232,Savings
TX3,1040.8222540475663,2,969.5224800476827,16,28,Sunday,14:00,61,Male,619030,Savings
TX4,998.7772411252968,1,1007.1110263424487,7,7,Friday,08:00,56,Female,649457,Savings
TX5,969.9873074947044,1,1018.9487964209328,6,20,Thursday,14:00,24,Male,872843,Savings
TX6,973.3175598078757,2,999.8894427535975,5,4,Tuesday,07:00,21,Male,1105889,Savings
TX7,931.1030348088759,4,992.9376669598587,10,29,Sunday,17:00,43,Male,502283,Savings
TX8,1036.9233289997705,4,1003.4273656237995,18,23,Thursday,07:00,38,Female,323247,Savings
TX9,1013.1743020115105,4,1032.8354223202816,14,25,Thursday,12:00,58,Female,1278732,Current
TX10,966.1538999847021,4,1012.2335257768174,19,11,Wednesday,16:00,25,Male,313986,Savings
TX11,1023.8021293713485,2,1026.0732253679716,11,26,Monday,06:00,26,Female,1379111,Current
TX12,955.1832408435349,3,997.7602435898611,11,24,Friday,02:00,61,Female,324538,Savings
TX13,897.7788489090043,3,1021.3896177239386,18,3,Monday,04:00,43,Male,923094,Current
TX14,998.2086980445024,1,1031.2928731162801,19,15,Tuesday,09:00,30,Male,553618,Savings
TX15,1004.3523534119086,4,994.0198529906827,17,4,Saturday,04:00,40,Female,1273548,Savings
TX16,929.0701768492221,1,1003.8067396993033,11,27,Wednesday,21:00,45,Female,343585,Current
TX17,926.6516057410237,1,1017.8525894301232,10,28,Thursday,11:00,61,Female,325939,Savings
TX18,1004.8538774674021,2,1019.3728998106578,11,28,Monday,06:00,50,Female,985440,Savings
TX19,980.3945923433921,4,970.7297010373576,17,9,Wednesday,06:00,23,Female,321959,Savings
TX20,934.5024656393763,1,1058.8732683296257,7,10,Thursday,23:00,32,Female,361087,Current
TX21,1094.3092950605264,1,1003.4915562566367,18,17,Tuesday,19:00,29,Male,365318,Savings
TX22,904.0614392350479,1,999.4697224910157,12,17,Wednesday,16:00,19,Male,1320545,Savings
TX23,977.9116988386994,4,998.3166982963764,5,1,Wednesday,01:00,61,Female,425657,Savings
TX24,1057.141140725751,3,1015.0386606537355,5,6,Friday,19:00,51,Male,1283237,Savings
TX25,1060.9025218878255,4,992.2108395139304,5,9,Thursday,05:00,33,Female,1364284,Current
TX26,979.1771818224313,4,1017.1500650317622,7,26,Wednesday,18:00,37,Female,958271,Current
TX27,1021.4006420494713,4,950.6060226986481,5,11,Thursday,17:00,40,Male,854594,Current
TX28,968.7191852383534,4,989.5507704093484,13,20,Thursday,16:00,19,Female,986976,Savings
TX29,1012.9941397124212,1,1015.6364574355462,13,3,Wednesday,15:00,33,Female,890978,Savings
TX30,985.7255349506835,1,1021.305849376919,12,20,Wednesday,16:00,25,Male,1091971,Savings
TX31,1011.3144134749438,3,1016.9480286515328,18,25,Wednesday,17:00,63,Male,1426081,Current
TX32,1052.4673696160432,1,1026.502113230284,8,1,Thursday,00:00,31,Female,1177844,Current
TX33,976.8736569899124,4,977.7500529134111,11,3,Monday,00:00,29,Male,407450,Current
TX34,931.5064471641851,2,984.5643850101349,18,6,Saturday,12:00,25,Male,1499386,Savings
TX35,903.18118950077,1,983.0528494377471,16,15,Monday,04:00,36,Male,1274339,Current
TX36,1002.0990032235012,1,997.2545636580437,16,28,Saturday,13:00,23,Female,478274,Current
TX37,1030.3064681549542,3,961.115408125008,7,28,Monday,19:00,38,Male,568246,Savings
TX38,994.4398000094866,2,965.0186113165678,13,10,Sunday,21:00,20,Female,1317703,Savings
TX39,942.61400135875,3,1027.7920565629317,15,10,Tuesday,16:00,57,Female,1323904,Current
TX40,1020.9319734586301,3,985.4364150127333,17,10,Sunday,02:00,42,Female,1097079,Savings
TX41,1001.1965907232918,1,1017.4382797762479,8,13,Thursday,00:00,25,Female,748982,Savings
TX42,1003.4175625551915,4,991.8118233885689,11,22,Wednesday,21:00,39,Male,1379600,Current
TX43,955.3439863185389,1,993.3036550521053,12,21,Thursday,11:00,61,Female,1304646,Current
TX44,1119.451797869623,3,1036.8682751664107,12,20,Friday,17:00,59,Female,1170045,Savings
TX45,994.6402762419438,3,990.2756542849376,16,26,Sunday,04:00,43,Male,1356884,Current
TX46,993.2141308840884,4,984.1298996465478,9,1,Tuesday,00:00,64,Male,1343233,Savings
TX47,984.0322461092611,1,995.9076698904482,12,13,Friday,00:00,33,Male,706716,Savings
TX48,1018.8648132730204,2,1033.0270197295897,17,23,Wednesday,11:00,43,Male,367215,Current
TX49,965.9997832941028,3,994.7318831026546,5,14,Saturday,19:00,22,Male,526507,Current
TX50,972.5373546317849,2,1021.9359250888281,18,5,Sunday,09:00,22,Female,950419,Current
TX51,1072.0636644533058,2,971.2827569764112,5,24,Friday,12:00,21,Female,851951,Savings
TX52,1009.9529847786735,1,987.9956624568241,16,27,Thursday,23:00,29,Male,836226,Current
TX53,969.2433161114335,3,1042.2263528323251,15,5,Thursday,02:00,18,Female,1386880,Savings
TX54,942.7525739964299,1,1011.8263223385596,17,12,Sunday,13:00,19,Female,1179090,Current
TX55,922.8137298654052,2,1022.3378688040335,12,29,Tuesday,09:00,43,Male,365953,Current
TX56,998.5789271200466,2,965.6715110811206,9,18,Friday,10:00,46,Male,831831,Current
TX57,1040.643105941948,1,1012.5925768384723,8,10,Friday,08:00,41,Male,1133727,Savings
TX58,1080.541015469625,4,1010.5592085405294,6,17,Sunday,23:00,40,Female,700573,Savings
TX59,2769.890232195161,3,1007.2613920667462,17,23,Monday,02:00,58,Male,1198320,Current
TX60,983.7013429509256,1,1065.079702521752,10,13,Wednesday,18:00,53,Male,709995,Savings
TX61,1019.6020944866298,3,997.5094950481263,8,19,Tuesday,14:00,33,Female,1173332,Current
TX62,1010.0953720901398,4,983.9052662984901,15,21,Thursday,20:00,40,Male,497775,Savings
TX63,965.0426710954041,3,999.8236590750838,14,5,Wednesday,22:00,46,Female,1438506,Current
TX64,1030.692067073771,1,1027.1576157619998,10,7,Saturday,12:00,57,Male,339081,Savings
TX65,1044.3100983064687,2,995.3259364137199,9,29,Friday,05:00,36,Male,1376871,Savings
TX66,927.5957829251338,4,971.8507245124689,5,7,Monday,12:00,21,Male,817923,Current
TX67,964.0777889373782,1,995.7310569657631,16,22,Sunday,09:00,43,Male,1049074,Savings
TX68,999.0491896048655,1,979.9494127072438,6,28,Saturday,19:00,45,Male,751015,Current
TX69,1016.1359280169045,1,983.4553811289535,7,13,Thursday,16:00,42,Male,513920,Current
TX70,1011.2046240905208,1,1000.2518480156359,8,3,Wednesday,19:00,35,Female,1158158,Savings
TX71,1072.5571803897521,3,1019.1854165217042,5,21,Saturday,21:00,20,Male,1498735,Current
TX72,1018.3454708548487,2,1004.1899372526472,12,6,Thursday,23:00,45,Female,1205588,Current
TX73,958.0139078909611,2,988.0121470911196,12,26,Thursday,17:00,45,Female,720571,Current
TX74,933.7194862248706,3,984.5758907683658,10,17,Monday,00:00,37,Male,1342892,Savings
TX75,955.0792664325821,2,1009.8383834301301,7,29,Saturday,17:00,22,Male,875278,Savings
TX76,1007.1025045958784,1,1020.7431692988926,11,24,Monday,21:00,18,Female,412816,Savings
TX77,1068.6188898273624,1,986.4442781401323,10,27,Wednesday,16:00,30,Male,451456,Savings
TX78,877.3867699342134,1,981.9741236267066,9,16,Sunday,05:00,45,Male,1015460,Savings
TX79,1075.8116661466947,1,1006.2491696219589,14,10,Wednesday,16:00,38,Male,1387341,Savings
TX80,957.5739650306043,4,981.2750994344409,18,1,Monday,07:00,49,Male,392193,Savings
TX81,958.6053460542144,2,993.9227112913815,14,2,Saturday,21:00,20,Female,918362,Savings
TX82,1046.853626015759,4,988.6134773890244,9,27,Monday,16:00,64,Male,839542,Current
TX83,1032.2687974792573,2,1027.372631150647,15,19,Sunday,05:00,51,Female,306949,Savings
TX84,1080.528923161165,3,1025.4798678117763,15,19,Sunday,01:00,55,Male,1274304,Current
TX85,975.6642751978625,3,1026.6889128172827,14,19,Monday,04:00,46,Male,733027,Current
TX86,1060.607821661255,1,997.1190140345096,16,20,Friday,01:00,23,Female,1354145,Savings
TX87,1056.1338842399011,4,971.17608479008,15,19,Sunday,22:00,33,Male,502846,Savings
TX88,1080.5896382859219,4,983.740889037627,12,4,Monday,02:00,49,Female,726650,Current
TX89,950.7136976832228,2,1010.0809303103568,7,19,Friday,04:00,35,Female,1459771,Current
TX90,988.2070095924662,2,998.4647218194334,5,5,Monday,11:00,43,Female,1048589,Savings
TX91,1002.8737001512148,1,954.3439501991841,15,9,Tuesday,14:00,39,Male,1227982,Savings
TX92,938.6973497900949,4,1000.8333053425076,17,17,Tuesday,03:00,18,Female,490471,Current
TX93,963.1793913871177,3,1011.5900880309971,19,24,Saturday,13:00,43,Male,1115131,Savings
TX94,968.6737908655728,1,956.1573988751604,14,14,Wednesday,23:00,24,Male,960482,Savings
TX95,1001.4310279783913,3,1019.3724631260884,16,13,Tuesday,05:00,52,Female,1121106,Savings
TX96,959.474707651039,1,981.9091623242585,16,10,Sunday,16:00,56,Female,1070173,Savings
TX97,1084.3570817536283,3,1017.632795138989,13,13,Tuesday,14:00,53,Female,326069,Current
TX98,1076.156203863483,1,1010.7782008736932,16,19,Tuesday,08:00,54,Male,1302163,Savings
TX99,1046.3088773765821,4,1038.1883328094027,15,13,Saturday,04:00,50,Female,1202580,Savings
TX100,967.4678715439087,3,990.257492324706,18,24,Sunday,08:00,20,Male,718034,Savings
TX101,1039.8742102239157,3,1002.9040812057092,10,22,Monday,23:00,55,Male,1099666,Savings
TX102,1028.317006525951,3,1016.6363635221053,12,26,Wednesday,12:00,61,Male,437541,Current
TX103,1032.0291003474576,4,983.704317440194,19,1,Tuesday,13:00,55,Female,1088260,Current
TX104,1038.2126099304512,1,1000.215963296194,15,3,Monday,05:00,27,Male,1430756,Current
TX105,1050.314640460722,1,988.462162609537,19,5,Monday,16:00,26,Male,393070,Savings
TX106,876.4177749936355,2,984.0620948905905,19,17,Friday,11:00,31,Female,1188266,Savings
TX107,1004.329489373645,2,996.8864552921584,16,29,Wednesday,08:00,54,Female,1248027,Current
TX108,984.0760744674831,1,993.6188595786731,7,27,Saturday,03:00,42,Female,1362636,Current
TX109,1085.464624736481,4,1016.4980037225747,11,8,Saturday,18:00,55,Female,1289024,Current
TX110,1000.9209189594776,1,1033.5287462455055,5,1,Sunday,22:00,19,Male,711597,Savings
TX111,885.5469371533501,3,1028.64963834905,11,19,Tuesday,19:00,32,Female,1206862,Savings
TX112,1031.6390933053142,3,1045.413857156088,15,4,Friday,05:00,50,Male,1380730,Savings
TX113,1075.4885656229812,3,1008.0406896009384,14,1,Saturday,05:00,30,Female,1420483,Savings
TX114,1112.8599140546569,3,981.3272378147415,17,8,Friday,14:00,21,Male,663339,Current
TX115,1066.521928163454,2,1039.986344124996,15,27,Friday,19:00,28,Male,688349,Savings
TX116,1008.5297101790431,4,1016.7113079669981,11,15,Tuesday,13:00,60,Male,433515,Savings
TX117,986.5582911602412,4,991.2027142476917,16,11,Thursday,11:00,53,Male,495716,Savings
TX118,1010.843051849147,2,1008.8423333062694,5,28,Sunday,08:00,46,Male,1343917,Current
TX119,950.519758987071,1,997.484261598007,14,14,Thursday,21:00,40,Male,794592,Savings
TX120,1002.7862456144347,4,1021.883830369419,19,21,Sunday,08:00,26,Male,357545,Savings
TX121,949.3947812369917,1,966.9028665626846,14,11,Saturday,01:00,24,Female,1474737,Current
TX122,1042.0263625125779,4,999.2301655996051,15,27,Thursday,18:00,41,Female,1106388,Savings
TX123,988.4532734895661,3,1013.9241272962684,15,22,Tuesday,17:00,38,Female,458768,Savings
TX124,986.5555654722584,4,977.8694818251666,19,29,Monday,06:00,18,Female,1081452,Current
TX125,931.8648198230011,4,961.7749264021195,7,29,Monday,12:00,46,Male,897135,Current
TX126,964.3577108661418,2,1002.1286045538379,7,15,Tuesday,01:00,45,Female,862288,Current
TX127,1062.3042596248815,3,958.532195351837,8,1,Friday,22:00,56,Male,1427199,Savings
TX128,1025.6897706790305,2,994.1126667796339,16,1,Sunday,22:00,45,Female,952465,Savings
TX129,987.1591486037134,1,1020.4857316355879,11,3,Sunday,07:00,64,Male,762052,Savings
TX130,1025.0238759710317,3,978.9348255871,12,2,Wednesday,23:00,31,Female,1030399,Savings
TX131,1011.7326002577544,4,1005.0551101507577,8,5,Saturday,20:00,31,Female,1068734,Savings
TX132,969.8281872548619,2,994.8575545750556,11,1,Sunday,20:00,36,Male,1237583,Current
TX133,1016.3066511121059,4,974.977728472294,6,2,Monday,14:00,22,Female,387955,Savings
TX134,1050.2551081149827,3,989.8512542818404,11,23,Thursday,19:00,22,Female,1296261,Current
TX135,968.6344729161348,1,1025.0330294279966,16,3,Thursday,21:00,61,Male,843351,Current
TX136,999.0055135254605,4,1006.672870629012,5,18,Wednesday,16:00,31,Male,859655,Savings
TX137,960.2848712418239,1,1032.4153604693454,10,22,Wednesday,13:00,21,Female,1080316,Savings
TX138,973.0120159845319,3,984.4339054919537,10,18,Friday,09:00,53,Male,488456,Savings
TX139,1020.4126377857236,1,965.9483279152432,10,26,Thursday,22:00,59,Female,1016756,Current
TX140,955.0600045878768,3,981.8073220502006,12,2,Thursday,12:00,24,Male,524137,Current
TX141,992.0949254964901,4,1016.1318649582737,18,26,Saturday,01:00,60,Male,1498898,Current
TX142,1007.3603914684801,1,995.5491705565772,9,11,Wednesday,03:00,56,Female,528071,Current
TX143,952.5300555584029,3,1052.647641296748,12,22,Saturday,04:00,50,Male,544883,Savings
TX144,1014.1779035305457,1,994.3876796767037,18,27,Friday,10:00,51,Female,799137,Current
TX145,998.2505754751519,3,1035.4160127127102,12,10,Monday,06:00,52,Male,1393762,Savings
TX146,984.6107191660094,3,986.8220315604759,15,17,Friday,16:00,27,Female,860696,Savings
TX147,2802.0978166293894,2,995.4750956198264,12,19,Sunday,20:00,34,Female,694966,Savings
TX148,1041.8848719200244,4,1027.3597061488483,13,18,Monday,11:00,32,Female,1209164,Current
TX149,984.4827192022008,4,1002.3136964398906,11,17,Sunday,20:00,39,Male,1393389,Savings
TX150,1017.876312191861,3,988.2546116446764,12,18,Wednesday,22:00,46,Male,699953,Savings
TX151,1067.8316691091727,3,945.7501901630405,5,14,Sunday,23:00,52,Male,859723,Current
TX152,947.8757562886431,3,1025.5585365847633,11,12,Sunday,14:00,21,Male,1141052,Current
TX153,1061.5080656728574,1,1016.7212210231904,17,10,Thursday,01:00,52,Male,759297,Savings
TX154,1035.6699795102722,3,1000.9403442624749,15,7,Saturday,19:00,46,Female,722845,Current
TX155,1129.8852321617192,4,986.9925811185994,19,25,Tuesday,06:00,37,Male,1492324,Current
TX156,906.9325548161588,2,994.005228467816,8,18,Saturday,04:00,42,Male,1085332,Savings
TX157,998.2657556306609,1,1004.6842946507304,13,24,Thursday,11:00,54,Male,1211420,Current
TX158,1028.1539436986286,3,969.3494531616536,12,14,Wednesday,12:00,51,Female,479352,Savings
TX159,995.1450216298339,4,1001.0863777290847,8,29,Sunday,21:00,62,Male,1251661,Savings
TX160,968.1130007874342,2,989.3800608999636,13,17,Tuesday,02:00,23,Male,1268452,Current
TX161,937.5412469337977,1,1011.4296139315397,7,20,Tuesday,16:00,59,Male,777602,Savings
TX162,1039.7953252423738,4,1020.970618770152,7,3,Saturday,12:00,64,Female,1146936,Current
TX163,1077.3752600665032,2,1035.9175534619105,15,9,Wednesday,08:00,20,Male,665464,Current
TX164,1025.336733124342,3,995.9857410332543,15,2,Thursday,14:00,55,Male,1483620,Savings
TX165,1002.2796082235025,1,987.380157402521,16,16,Friday,04:00,30,Female,869936,Savings
TX166,1045.3747384208627,3,1000.717890995354,12,8,Tuesday,07:00,44,Female,1309612,Savings
TX167,1029.1964092662981,3,992.8141581842588,12,28,Monday,15:00,58,Male,405228,Current
TX168,1025.1208316093514,2,1017.1489186343481,8,27,Saturday,06:00,22,Female,348874,Current
TX169,997.9189253353743,3,1011.1211329565771,11,10,Tuesday,10:00,47,Male,342534,Savings
TX170,1018.433665443645,2,992.1332237534527,17,29,Thursday,06:00,19,Male,788972,Savings
TX171,1009.5549534009951,1,1000.928730963123,12,2,Thursday,23:00,62,Female,558722,Current
TX172,980.4530715167388,3,986.5913686590748,14,9,Tuesday,14:00,47,Female,1299701,Savings
TX173,1008.7772914945253,2,1008.1702469675486,8,27,Monday,11:00,39,Female,626032,Current
TX174,909.5020549509647,2,1019.3002992212646,12,27,Tuesday,17:00,31,Female,1463950,Current
TX175,1018.3551133394034,3,989.4838922537409,17,11,Monday,05:00,64,Male,589226,Savings
TX176,972.2400236653401,2,1037.6231413888117,6,29,Thursday,16:00,52,Female,1224044,Savings
TX177,1004.4476136304851,1,1023.318274307428,17,11,Thursday,01:00,64,Female,614451,Savings
TX178,935.9847800664553,1,1017.4491465656029,18,12,Thursday,20:00,64,Male,1008691,Current
TX179,923.7237414537631,3,986.1618386023752,15,1,Tuesday,05:00,32,Female,1294465,Current
TX180,937.4230287904778,3,1028.8752920814652,16,16,Wednesday,07:00,63,Female,677816,Savings
TX181,1017.1362673188852,3,1009.1350643830757,15,14,Tuesday,19:00,24,Female,1346914,Savings
TX182,967.5013394068264,4,1018.744472430697,16,26,Wednesday,19:00,63,Female,1086958,Savings
TX183,948.4641248599238,1,999.0046698070183,18,12,Thursday,03:00,26,Female,1077147,Savings
TX184,1006.4052207455395,1,986.3789668505024,6,24,Wednesday,12:00,34,Male,1344244,Current
TX185,991.3482560651541,2,986.2368061979945,19,6,Wednesday,12:00,42,Female,1412864,Savings
TX186,1046.9924051764845,1,1016.9202708934254,5,12,Monday,13:00,49,Female,636585,Current
TX187,1003.1251366624738,1,984.3905198734931,17,1,Friday,19:00,43,Male,978758,Current
TX188,3094.8174151902567,3,980.4246670427749,6,10,Sunday,11:00,57,Female,1158058,Current
TX189,1085.0848104266731,3,1027.6629000174455,13,18,Thursday,07:00,25,Female,1243793,Current
TX190,1063.259862581185,3,1011.1871841745666,15,7,Wednesday,19:00,33,Female,1283939,Savings
TX191,1067.5739214736755,3,1009.2826932044661,7,9,Thursday,09:00,31,Male,673706,Current
TX192,1032.5140787479852,4,1031.3470600391881,17,25,Friday,18:00,36,Female,1499670,Savings
TX193,1083.5760117702705,1,995.9193883803788,11,21,Sunday,18:00,61,Female,1106481,Current
TX194,1025.2995554979768,3,960.0517731308098,7,28,Tuesday,18:00,52,Male,816998,Current
TX195,1054.5523051082334,3,997.7853314183861,14,29,Thursday,04:00,21,Female,926045,Savings
TX196,1011.2225909279986,4,1020.9419660522431,14,21,Tuesday,03:00,19,Female,589102,Current
TX197,991.368635002959,2,1017.6731987497335,7,19,Tuesday,21:00,29,Female,549474,Current
TX198,1073.8270174862948,3,1027.601827082949,5,3,Tuesday,07:00,53,Female,1229065,Savings
TX199,1016.1900063802973,1,994.1702004201302,13,22,Thursday,14:00,31,Female,1025495,Savings
TX200,1090.5846028059514,3,1017.6945284350827,10,17,Wednesday,01:00,52,Male,1336548,Current
TX201,1055.386022514085,4,985.8384226761171,8,13,Sunday,14:00,48,Female,1204586,Savings
TX202,992.4790072769083,4,1019.9109717072456,14,29,Tuesday,11:00,47,Male,1368392,Current
TX203,922.1709050670124,3,991.4376967806818,16,1,Monday,21:00,37,Male,516184,Savings
TX204,918.163750435033,4,1024.1138292016285,9,17,Monday,23:00,61,Male,641815,Savings
TX205,1051.514172701592,4,1004.7757831805303,15,29,Thursday,17:00,31,Male,1046788,Savings
TX206,993.4542013615126,1,979.3009027093574,15,5,Monday,16:00,31,Female,1243115,Savings
TX207,1006.9671296810632,1,1009.0506978364267,11,24,Sunday,10:00,40,Female,379141,Current
TX208,1055.4091408368758,2,979.2018814574894,16,23,Tuesday,20:00,18,Male,1325799,Current
TX209,977.0781529906541,3,988.1232698200309,10,15,Tuesday,00:00,43,Female,1473930,Current
TX210,998.455618221421,1,1040.068145343642,14,8,Sunday,07:00,29,Male,730424,Savings
TX211,1055.2762966478992,3,1023.7406061112076,19,16,Saturday,20:00,22,Male,458056,Savings
TX212,1015.1317732619517,2,984.9144829996128,10,9,Monday,08:00,42,Female,935567,Savings
TX213,983.2746246821627,3,1004.1238196405865,13,11,Thursday,01:00,55,Male,784965,Current
TX214,1045.0737314973892,1,997.2227482561066,13,23,Wednesday,12:00,28,Male,1090144,Savings
TX215,1006.024997939465,1,979.4265133374183,9,15,Monday,11:00,24,Male,964468,Current
TX216,1043.7417219134566,1,956.8603871060066,5,17,Wednesday,11:00,55,Male,934122,Current
TX217,1082.1007580068185,2,1020.1963417868527,6,14,Monday,02:00,38,Female,525049,Current
TX218,918.4663316292368,4,1003.4194194313644,19,11,Sunday,05:00,63,Female,982347,Current
TX219,1037.9464294893382,1,1005.6238284793875,8,11,Wednesday,14:00,21,Male,1070188,Current
TX220,962.3017705566662,1,994.3864984626645,8,16,Friday,19:00,63,Female,991738,Current
TX221,1002.889779279261,4,1015.3931550269125,14,4,Saturday,17:00,19,Male,1000336,Current
TX222,947.068032530146,4,1001.2633091861435,14,7,Friday,06:00,59,Female,1029532,Savings
TX223,1069.8707351530186,1,998.4971166637997,16,24,Friday,09:00,64,Female,1294170,Current
TX224,1127.3024166702237,2,1008.2611306757236,13,15,Tuesday,23:00,59,Male,818727,Current
TX225,1015.8371029402218,3,1030.1932491679208,9,4,Tuesday,23:00,36,Male,729667,Current
TX226,1090.9786523349328,2,983.4361203746847,7,4,Tuesday,00:00,22,Female,495246,Current
TX227,1025.1399615483201,1,992.7897156655222,11,21,Monday,21:00,54,Male,1441154,Savings
TX228,1048.1939558397455,2,1044.210460031827,13,14,Friday,01:00,52,Male,557681,Savings
TX229,928.219058589328,3,961.7378714964195,13,17,Wednesday,06:00,41,Female,754162,Savings
TX230,2752.6376499098665,4,1020.9147026508068,11,13,Saturday,03:00,57,Male,1460932,Savings
TX231,944.9610358581658,1,985.7740275047893,11,4,Friday,16:00,19,Female,1025947,Current
TX232,968.9090849746805,1,1014.0274612967845,12,6,Tuesday,02:00,61,Female,793948,Current
TX233,932.137238458661,2,996.2183706167625,11,12,Tuesday,05:00,34,Female,1080641,Savings
TX234,902.4440762575572,2,987.4214221762262,16,26,Thursday,04:00,30,Male,1135036,Current
TX235,950.4653805681148,4,1012.5882716977358,14,25,Sunday,15:00,29,Female,608623,Savings
TX236,1054.5655060297136,4,1012.1827624181435,18,13,Sunday,18:00,57,Female,329301,Current
TX237,1060.6548849989592,1,1002.834338272798,8,6,Saturday,17:00,25,Male,1468544,Current
TX238,1007.7713665371468,4,1049.3146791083986,6,29,Saturday,03:00,50,Female,1473057,Current
TX239,923.1774129754886,1,976.187028556426,13,1,Wednesday,02:00,40,Female,318073,Savings
TX240,1019.4289302265482,3,1049.8599903486559,10,11,Sunday,21:00,54,Female,361929,Savings
TX241,874.2480773732497,2,1000.5640542304385,6,13,Wednesday,23:00,59,Female,1290669,Current
TX242,1028.4220503128076,4,1011.9918822656299,18,9,Sunday,20:00,52,Female,1093153,Savings
TX243,978.294491025201,2,989.1244113355332,8,18,Tuesday,01:00,42,Female,1150741,Current
TX244,1045.6187306981435,1,968.0457616045318,18,16,Saturday,13:00,20,Female,990658,Savings
TX245,946.7443168462314,1,993.8955059129066,6,8,Friday,01:00,21,Female,856110,Savings
TX246,3008.497488734566,4,1010.5938550871347,16,13,Sunday,13:00,37,Male,551537,Current
TX247,1036.2883411581515,4,990.8208622835085,17,11,Saturday,01:00,40,Male,1027506,Savings
TX248,1057.1993959601082,2,959.688011266738,14,25,Tuesday,10:00,48,Female,1206295,Savings
TX249,970.0753191641832,1,965.1803628526325,7,21,Monday,13:00,24,Female,1445935,Savings
TX250,1046.862904478197,4,1030.4266032266432,11,8,Monday,04:00,56,Male,727387,Current
TX251,1047.477706772066,4,970.3020406310019,10,7,Tuesday,04:00,52,Female,658918,Current
TX252,902.8006285257434,3,1053.9942828083902,9,29,Saturday,04:00,19,Male,363037,Current
TX253,980.4217596835098,3,999.6961374246002,9,10,Sunday,23:00,56,Female,1409004,Current
TX254,999.2345075413502,3,1011.5858299920218,5,28,Wednesday,20:00,43,Female,1359325,Current
TX255,977.8358874404245,4,982.303945719462,6,8,Wednesday,08:00,46,Female,1117052,Current
TX256,1073.5585163746805,1,995.8135264569627,5,9,Monday,23:00,26,Male,928864,Current
TX257,1016.2588398264531,4,996.6655193382633,16,8,Friday,10:00,51,Male,808679,Savings
TX258,1013.8271833446333,3,1015.989985070083,5,28,Sunday,23:00,62,Female,1445298,Savings
TX259,969.7830464218345,4,998.4836520836358,13,23,Wednesday,00:00,62,Male,1496179,Savings
TX260,959.8753633394176,2,1025.976226496941,8,11,Thursday,14:00,36,Male,1321318,Savings
TX261,969.4555054215706,2,1023.8906374901289,9,5,Saturday,21:00,49,Male,721486,Savings
TX262,1049.8023842902908,1,984.8640982286108,13,2,Sunday,17:00,20,Male,482051,Savings
TX263,1066.409707092453,1,1011.1246001880132,13,26,Sunday,17:00,27,Male,1303171,Current
TX264,1072.7809345040557,3,1035.98543150038,16,2,Wednesday,09:00,32,Male,326806,Savings
TX265,988.0733276578667,2,984.4197231393262,16,26,Monday,17:00,39,Female,707507,Current
TX266,988.9373188207114,2,994.4637340022216,5,24,Friday,02:00,49,Female,420029,Savings
TX267,991.6439143106794,1,1005.651599009766,18,21,Saturday,07:00,63,Male,1141965,Savings
TX268,1033.1440634333705,3,1023.4694771497064,10,22,Wednesday,21:00,45,Female,1180412,Savings
TX269,972.9923305812874,1,1006.2810593519972,19,20,Wednesday,17:00,48,Male,784814,Current
TX270,1061.9141535716817,1,1000.4254315347213,10,11,Friday,00:00,20,Female,1095326,Current
TX271,1008.1334999498766,1,982.873868611137,9,15,Tuesday,15:00,25,Male,715872,Savings
TX272,1026.9566051591403,4,1006.8325843873823,12,3,Tuesday,01:00,60,Male,989556,Savings
TX273,1035.9918645435696,3,1028.9300787189316,6,9,Friday,08:00,53,Female,1367609,Savings
TX274,1015.624584012857,2,1006.3866637938677,18,25,Tuesday,20:00,37,Male,1465898,Current
TX275,1031.712057152961,2,1009.5057117863978,12,19,Friday,03:00,64,Female,842601,Current
TX276,1011.2342362875943,1,1018.6518166374618,10,21,Saturday,07:00,56,Male,1428649,Current
TX277,923.7171842714953,1,1025.2516820685437,17,20,Monday,22:00,24,Male,368099,Current
TX278,1089.6077955380317,1,1001.6220048808004,14,23,Thursday,03:00,41,Female,1152129,Savings
TX279,1080.3059745915648,4,1031.2491901372423,16,19,Monday,13:00,36,Female,743031,Current
TX280,1055.795102668268,2,987.0146884384815,9,4,Wednesday,15:00,62,Female,590998,Savings
TX281,956.1178790120213,3,1015.6498698940125,8,17,Wednesday,14:00,28,Female,1233688,Savings
TX282,1009.4923918106232,1,1011.5351613238614,10,4,Thursday,15:00,64,Female,1039290,Current
TX283,1042.5046994658405,2,1017.5143172480196,9,25,Thursday,09:00,20,Female,543306,Current
TX284,1007.0443123455602,1,964.631212688743,7,21,Wednesday,09:00,52,Female,1037266,Current
TX285,965.4341314491612,4,955.5277593800894,5,21,Tuesday,04:00,53,Male,1069605,Savings
TX286,975.6621495745358,3,1002.8367033428581,6,3,Monday,23:00,53,Female,950024,Current
TX287,1017.73892410851,4,978.0427528330156,13,20,Monday,03:00,38,Male,774013,Current
TX288,1044.3165098030795,2,986.1467688433979,10,10,Monday,12:00,23,Female,866088,Current
TX289,973.6960983894021,4,999.7196092348482,6,26,Wednesday,20:00,21,Male,1365649,Current
TX290,911.8583758078653,3,979.4671853052854,19,18,Wednesday,19:00,41,Female,770670,Savings
TX291,987.0799639896416,2,1018.5344199554305,16,24,Saturday,04:00,38,Female,1083441,Savings
TX292,1022.3000047333593,1,985.9345695487306,12,17,Wednesday,18:00,42,Female,1410868,Current
TX293,919.2434092047246,1,1023.2947870891435,5,18,Friday,03:00,59,Female,429350,Current
TX294,1023.4999130381585,4,1038.2942461199598,17,29,Tuesday,10:00,58,Female,1142150,Savings
TX295,1018.9741028582754,2,1036.2300962518702,18,6,Tuesday,00:00,27,Male,1361716,Savings
TX296,1020.2128597506726,1,982.3196909088159,6,10,Tuesday,15:00,56,Male,393269,Current
TX297,1047.2245486195598,2,986.2154185956629,16,27,Tuesday,02:00,49,Female,580852,Savings
TX298,975.8628238908984,2,980.9334278348258,8,22,Sunday,23:00,57,Female,1104565,Current
TX299,975.125067079743,1,986.2299298414565,13,8,Tuesday,16:00,19,Female,1430392,Savings
TX300,986.5765864854177,4,986.0612050983885,5,10,Thursday,02:00,23,Male,479635,Current
TX301,889.798121237438,3,979.2509319857251,7,5,Wednesday,10:00,29,Male,422775,Current
TX302,1063.5315530329112,1,985.8538931934334,9,8,Sunday,08:00,64,Male,471918,Current
TX303,1003.3927755263702,2,1017.0554735024444,16,20,Saturday,11:00,19,Female,1124143,Current
TX304,983.2612333946729,4,991.9270307351601,12,5,Thursday,15:00,60,Female,1046084,Current
TX305,1103.1262459621573,2,978.6493417149145,7,9,Thursday,10:00,63,Female,878688,Current
TX306,1013.2528022420156,1,999.0994635434226,18,13,Tuesday,03:00,45,Female,694341,Current
TX307,3058.483022920859,3,984.552604313714,5,4,Monday,19:00,51,Female,819165,Current
TX308,959.7314086474828,1,1011.9288467912135,13,20,Saturday,17:00,23,Male,1470808,Savings
TX309,1065.8557533669932,4,997.6386294601784,13,21,Tuesday,21:00,20,Male,1361339,Current
TX310,918.8021395619479,4,1003.2312602687998,12,26,Saturday,00:00,38,Male,1145474,Savings
TX311,980.4120925478089,3,981.55179631003,6,26,Wednesday,22:00,39,Male,1486064,Savings
TX312,994.8488399301392,3,1024.5026469633574,15,3,Monday,19:00,33,Female,423950,Current
TX313,1014.1643935773071,4,994.8219005259184,5,8,Sunday,22:00,20,Female,1054105,Savings
TX314,903.1942343160689,3,1002.5169393923871,9,3,Monday,20:00,63,Male,775595,Current
TX315,1034.1709252311712,4,988.1173084645022,17,15,Tuesday,18:00,50,Male,1173093,Current
TX316,1033.6286850601366,3,1037.9976386979042,6,24,Saturday,05:00,31,Male,1435092,Current
TX317,891.3665226992982,2,1016.9484335430084,19,14,Wednesday,19:00,42,Male,546183,Savings
TX318,1016.5990165284508,3,1003.8099935955813,10,16,Monday,18:00,63,Female,839570,Savings
TX319,1027.0434611240673,4,1017.6950210952663,8,13,Sunday,13:00,26,Male,573146,Current
TX320,1028.467972308622,3,1044.6895780269863,19,20,Saturday,23:00,55,Male,858516,Current
TX321,954.4648088467634,2,1001.8372949129699,13,1,Thursday,13:00,28,Male,395028,Savings
TX322,947.3158790426824,2,978.6439415684162,13,4,Wednesday,03:00,45,Female,1215207,Current
TX323,982.144881509613,2,1015.8876683595836,13,24,Sunday,22:00,33,Female,1383868,Current
TX324,974.7584717577525,4,1015.9014323361157,7,11,Saturday,17:00,38,Female,874100,Savings
TX325,953.6323432904713,1,1004.7673796546957,13,29,Monday,03:00,52,Male,1095600,Current
TX326,943.9788670044192,3,997.8012456925964,14,20,Friday,21:00,57,Female,1279448,Savings
TX327,949.2790561416,3,1015.6574048716269,16,28,Thursday,21:00,29,Male,570914,Current
TX328,1021.2117129855949,2,1002.8667833521246,15,23,Monday,00:00,25,Female,1303429,Savings
TX329,994.7234973998846,1,996.312866985658,17,12,Saturday,07:00,36,Male,1459608,Savings
TX330,988.9902686496022,4,958.6429054712802,18,3,Friday,19:00,30,Male,878533,Current
TX331,1014.8960532629901,1,1005.7746478943992,14,7,Friday,20:00,59,Male,436554,Savings
TX332,970.9611105748014,1,1017.0742609136565,12,21,Wednesday,06:00,58,Male,846495,Current
TX333,980.0444073898625,1,986.9420645517688,12,12,Wednesday,11:00,25,Male,491420,Current
TX334,1038.6010781001712,4,1030.6264748915894,5,13,Tuesday,06:00,45,Female,1167780,Current
TX335,1007.2433832328778,2,987.7045426968616,6,2,Thursday,00:00,53,Female,858830,Current
TX336,1076.0699248915962,1,990.1812510025727,16,26,Wednesday,14:00,58,Female,633569,Savings
TX337,1061.3202571935192,2,1023.1419277092791,7,11,Friday,09:00,31,Male,1156626,Savings
TX338,1010.3362023622498,4,1015.1787720024389,7,20,Saturday,20:00,19,Male,1186364,Current
TX339,1002.9175502142739,4,985.1043158654695,6,17,Monday,11:00,52,Male,826570,Savings
TX340,1133.9054936819196,2,990.2869764781866,9,21,Saturday,16:00,48,Male,1028342,Savings
TX341,1052.397103087607,4,993.2920855445242,7,13,Sunday,08:00,55,Male,860315,Savings
TX342,971.9057168226286,3,973.4278956080888,16,12,Sunday,08:00,40,Male,382279,Current
TX343,986.3786149377854,4,998.5017831068997,5,24,Sunday,01:00,45,Female,1299430,Current
TX344,951.7797872694154,1,991.3968672881632,14,28,Tuesday,02:00,60,Female,868302,Savings
TX345,992.4697040281578,1,985.724922874587,5,6,Friday,07:00,51,Male,811603,Current
TX346,1075.731845329018,3,1040.713566380775,8,17,Friday,17:00,22,Female,1128791,Current
TX347,1001.397572762223,1,1008.3637415693549,8,26,Wednesday,13:00,60,Male,676794,Savings
TX348,987.0601968666449,2,1031.9729434100943,14,5,Tuesday,04:00,59,Female,308036,Savings
TX349,868.8105882225367,2,975.5865990063618,16,9,Monday,12:00,64,Female,1232477,Savings
TX350,923.016674036334,4,970.2744594009941,10,4,Friday,04:00,58,Male,302352,Savings
TX351,936.5982225249423,1,1002.4665814878108,15,23,Wednesday,02:00,59,Female,964929,Savings
TX352,960.610812404588,1,987.5830480349777,9,14,Sunday,11:00,38,Male,767243,Savings
TX353,1008.5415949206648,1,1025.2041481215767,16,24,Friday,02:00,30,Male,1407054,Current
TX354,973.9049092908423,1,1011.2962829936586,5,3,Thursday,17:00,57,Female,899253,Current
TX355,1098.0345636080524,1,1022.5471648634951,11,21,Thursday,04:00,34,Male,539779,Current
TX356,1083.2220126974105,2,1031.2381284953221,17,15,Thursday,21:00,38,Female,1393365,Current
TX357,981.9118465581594,1,1005.602427779389,12,20,Monday,13:00,29,Female,1473650,Current
TX358,954.5317615179694,4,1000.5775144629802,10,23,Tuesday,03:00,55,Female,721280,Savings
TX359,909.2563477812888,3,1038.7277860513782,15,25,Wednesday,17:00,34,Male,1462189,Current
TX360,890.0194640749723,3,965.7512108487138,19,15,Thursday,06:00,62,Female,1499151,Current
TX361,948.8386116928351,3,984.1114789306264,10,3,Wednesday,04:00,30,Male,848333,Savings
TX362,1036.134800476131,2,982.7529525387312,10,29,Saturday,10:00,20,Male,942613,Savings
TX363,1111.9871519963933,1,1009.2014121269488,16,2,Monday,23:00,52,Female,1398423,Savings
TX364,1072.3466769099778,3,1002.8187777118287,7,18,Tuesday,16:00,57,Male,1098022,Current
TX365,1060.463305548437,3,971.2087189324764,9,13,Friday,08:00,18,Female,1237635,Current
TX366,969.0381767510279,3,1006.2623765949453,13,2,Saturday,13:00,21,Male,662462,Current
TX367,990.4476155026485,3,989.0312065634602,18,28,Friday,12:00,49,Female,518401,Savings
TX368,1019.5306588864681,1,1015.8586588097183,11,2,Tuesday,15:00,55,Female,1060129,Current
TX369,991.9317813495235,3,985.8085541409355,19,28,Tuesday,06:00,20,Female,1417063,Current
TX370,960.5529615620464,3,990.5834204697235,15,22,Friday,06:00,56,Female,954224,Savings
TX371,1003.9448048299254,1,1000.4627744619634,7,21,Wednesday,21:00,48,Male,578710,Current
TX372,849.0243922089587,2,1003.6769908950739,8,8,Saturday,19:00,37,Female,300159,Current
TX373,873.8256264896062,2,1036.0131725992712,8,21,Sunday,21:00,47,Female,945822,Current
TX374,965.2265384339194,3,1031.141970812484,18,2,Tuesday,23:00,51,Male,479838,Current
TX375,968.6904983889217,4,1000.3075796274421,10,6,Monday,22:00,41,Male,1034983,Current
TX376,957.0775029812658,3,1022.5117554208068,13,1,Wednesday,18:00,26,Female,436643,Current
TX377,1013.1280664500963,1,1003.8717982273508,7,17,Saturday,15:00,29,Male,332441,Current
TX378,1003.9174334481297,4,988.9025657445849,15,25,Sunday,09:00,64,Male,967540,Current
TX379,991.5746684532565,4,1003.9897588455483,16,11,Monday,03:00,64,Female,878328,Savings
TX380,969.1174052282825,3,993.678542879459,7,12,Friday,09:00,34,Male,1103940,Current
TX381,878.73928610637,4,999.3965666674173,13,3,Sunday,15:00,35,Female,930527,Current
TX382,929.7717871465179,4,971.6700472984106,11,9,Friday,17:00,54,Male,1460291,Savings
TX383,980.1668920089041,1,1009.6504809765719,10,11,Saturday,23:00,39,Female,638540,Savings
TX384,1033.6443108158726,4,996.7116711907723,6,3,Thursday,05:00,61,Female,778356,Current
TX385,982.8294450206016,1,1039.293900959378,8,21,Thursday,10:00,52,Female,588816,Savings
TX386,1002.045958769786,4,979.9562508843705,19,21,Tuesday,13:00,30,Male,1106564,Savings
TX387,1008.8243655181312,3,1001.6465977343418,13,3,Sunday,05:00,34,Male,616275,Current
TX388,999.0369810132803,4,994.7421834158347,14,28,Tuesday,05:00,18,Male,581755,Current
TX389,956.706678143547,4,985.6151332407406,14,12,Wednesday,21:00,59,Male,895642,Savings
TX390,923.7647275006098,1,972.9288028773121,10,7,Friday,00:00,24,Male,1409816,Current
TX391,1049.4334584679002,3,972.9710847021606,8,15,Wednesday,08:00,49,Male,828714,Savings
TX392,1018.5606434028415,4,1023.0647715709048,12,13,Saturday,03:00,57,Female,1438882,Current
TX393,1015.6034798897484,2,1002.9986334012679,16,13,Sunday,22:00,61,Female,1276089,Current
TX394,1007.5809413680315,3,1000.5085340522327,9,24,Thursday,17:00,28,Female,1409791,Current
TX395,989.7136204586013,3,986.999666626591,14,12,Sunday,09:00,43,Male,413688,Current
TX396,1019.6634611735111,3,1028.2598951125367,17,21,Thursday,14:00,48,Male,1334186,Current
TX397,959.4571244394831,4,974.8484428217076,10,24,Saturday,14:00,48,Male,1166792,Savings
TX398,1055.725814210923,2,1022.2789726643132,9,20,Thursday,08:00,28,Male,859351,Current
TX399,919.6169486440971,1,1003.6948115779145,14,21,Saturday,04:00,23,Female,781725,Current
TX400,1109.382493727501,1,962.1105386232607,19,3,Saturday,05:00,46,Female,1163659,Savings
TX401,1015.0809623976799,1,1013.7593390423207,15,13,Tuesday,10:00,48,Female,1493627,Current
TX402,961.9155896883201,4,1006.197545691663,7,28,Wednesday,11:00,28,Female,685893,Savings
TX403,1008.1372207423198,4,1000.827581051717,16,19,Friday,01:00,34,Female,1050186,Current
TX404,1026.2988779208808,2,997.5659209116427,11,8,Friday,09:00,25,Female,900541,Current
TX405,951.9255815172231,1,1016.6170464855874,15,7,Monday,19:00,41,Female,912181,Current
TX406,1015.3007199008948,1,1021.0933262408637,14,4,Friday,09:00,60,Female,979892,Savings
TX407,965.2164311075899,2,978.3161721795535,11,8,Wednesday,21:00,54,Male,1167482,Current
TX408,999.0125453232687,1,990.2684021865239,17,10,Thursday,08:00,44,Male,1404417,Current
TX409,967.5313480839287,4,1026.4260806454602,8,21,Saturday,02:00,52,Male,1352272,Current
TX410,914.7651493251865,1,991.5491777918993,6,13,Thursday,19:00,44,Female,628785,Current
TX411,939.441403535961,2,1014.6152823813305,14,13,Thursday,19:00,40,Female,723177,Savings
TX412,1024.3582220110095,1,1013.1504882697022,14,1,Monday,21:00,51,Female,1383116,Savings
TX413,981.7725426732488,4,970.7688764549837,15,24,Wednesday,20:00,52,Male,1015339,Current
TX414,959.7445380056854,4,1019.1576445635395,11,15,Sunday,06:00,43,Male,569956,Current
TX415,1070.5525450529612,2,991.8917998477244,8,15,Tuesday,19:00,62,Male,732680,Current
TX416,1037.3050493434662,2,967.4992806150618,16,14,Monday,03:00,32,Male,738242,Savings
TX417,869.7893071686433,4,1003.9789629359299,15,8,Sunday,03:00,51,Female,844279,Savings
TX418,1052.9252150225589,2,990.3924501803936,13,17,Sunday,20:00,40,Male,1255230,Current
TX419,1017.3838241769168,1,990.2554287177289,17,25,Thursday,21:00,23,Female,519526,Current
TX420,1049.7490834396176,2,996.749477437402,19,4,Thursday,11:00,55,Female,345475,Savings
TX421,1033.3156250454606,3,1009.251825857079,14,18,Saturday,04:00,42,Female,517583,Current
TX422,3218.9597812556913,1,965.5979489810436,15,23,Sunday,09:00,27,Female,1002495,Current
TX423,1024.015232650665,1,988.6123259970375,5,11,Tuesday,21:00,34,Male,1043859,Savings
TX424,953.7751395372198,1,1006.6033368238593,10,17,Monday,18:00,53,Male,1382448,Current
TX425,1054.0971029870425,3,1019.9106493816616,10,1,Sunday,22:00,56,Male,926256,Savings
TX426,2944.7662087138365,4,990.8053853725155,8,21,Wednesday,16:00,29,Female,973647,Savings
TX427,1031.6805770287915,1,1001.7593764210566,5,3,Tuesday,14:00,53,Male,612863,Current
TX428,1039.707003003809,1,995.5949079700782,7,11,Thursday,02:00,57,Male,1090605,Current
TX429,924.1063126659595,3,992.8594159838678,17,19,Saturday,00:00,57,Male,1333668,Savings
TX430,1034.9414210101268,1,1008.4194588877878,18,3,Wednesday,11:00,33,Female,563625,Savings
TX431,1029.0026624224072,4,1020.2215291510215,11,2,Saturday,18:00,54,Female,689959,Current
TX432,1034.1784661600238,3,972.6808857759893,6,16,Sunday,18:00,35,Female,1123759,Current
TX433,980.3842615633048,4,991.5497453115591,18,21,Wednesday,04:00,44,Male,447595,Savings
TX434,923.8820406891055,1,1022.2537674997985,16,14,Friday,21:00,50,Female,788765,Savings
TX435,987.7075010511002,2,987.715267629026,9,27,Tuesday,14:00,56,Male,783779,Savings
TX436,972.0502636059001,3,1006.801187337216,7,22,Friday,23:00,37,Male,389116,Current
TX437,1021.2236547123955,1,996.6381306806951,13,8,Tuesday,09:00,34,Male,703777,Current
TX438,1075.679898732639,2,987.7327837496343,8,9,Monday,16:00,29,Male,798682,Savings
TX439,1019.5296953099619,3,1049.0780669188714,6,28,Tuesday,05:00,39,Female,822154,Current
TX440,940.7044495383577,3,1006.8979401649984,10,20,Wednesday,08:00,37,Female,361842,Current
TX441,1074.9291286005935,2,1024.9551366815242,9,2,Saturday,02:00,23,Male,1087738,Current
TX442,1059.4955698620583,4,1020.2735148108773,10,9,Wednesday,03:00,19,Female,1388963,Savings
TX443,1027.5738137619762,3,1006.8117843280099,12,22,Thursday,01:00,47,Male,1141708,Current
TX444,988.5304627965986,4,999.1304610037228,11,17,Monday,03:00,36,Female,564064,Current
TX445,1036.1193964164083,2,982.1093462172722,14,6,Saturday,16:00,27,Female,382289,Current
TX446,958.2817910501991,4,1023.4285269552774,15,21,Sunday,14:00,32,Female,433498,Current
TX447,1087.479195210271,1,1027.6290815738098,13,10,Tuesday,19:00,62,Male,656007,Current
TX448,1052.974026508667,3,1010.2493303238077,8,15,Sunday,00:00,63,Female,305039,Savings
TX449,987.6845122316596,2,1013.9555380202243,7,26,Monday,10:00,33,Male,705841,Current
TX450,926.0926456099169,2,977.3717277747278,10,19,Thursday,12:00,63,Female,662441,Current
TX451,916.1545763015373,3,1001.8508123098725,18,8,Wednesday,13:00,59,Female,1371824,Savings
TX452,1007.6915958039128,1,1015.3293473622319,11,17,Thursday,00:00,54,Female,1492503,Current
TX453,978.9802438819187,2,1027.2523405322675,15,27,Thursday,05:00,57,Male,998787,Savings
TX454,942.3188004858662,3,1002.2724891498865,16,18,Tuesday,21:00,28,Female,1213081,Current
TX455,965.4806686930661,2,1000.0818601535091,12,4,Thursday,14:00,18,Male,597986,Current
TX456,1087.4612101263576,1,979.6350071134354,10,6,Friday,15:00,46,Male,1070692,Savings
TX457,1042.802961174852,3,1019.1557947027374,8,19,Wednesday,03:00,22,Female,952416,Savings
TX458,945.7424736721101,4,983.4917894004209,14,23,Monday,20:00,41,Male,1289336,Savings
TX459,975.3625223610023,3,1011.3882853380208,9,4,Saturday,09:00,59,Female,361753,Current
TX460,988.5100184712403,3,982.9718713147937,17,3,Sunday,21:00,58,Male,523492,Current
TX461,1046.0900750988626,3,1009.6537577441843,7,25,Sunday,21:00,26,Male,1198332,Savings
TX462,883.9184796650043,4,978.6860056528911,18,20,Sunday,15:00,40,Female,1354096,Current
TX463,1030.9783236089054,1,1008.2146132653819,10,12,Tuesday,21:00,50,Female,364925,Savings
TX464,985.9490176364208,2,1008.4993223249509,19,28,Wednesday,03:00,51,Male,1079976,Savings
TX465,966.5306973614432,3,979.5919087233552,11,15,Saturday,18:00,32,Female,879223,Current
TX466,1051.06916477147,3,1041.7688554573986,5,1,Wednesday,02:00,27,Male,1346439,Current
TX467,956.5853634061817,2,1010.6925817224487,6,19,Friday,21:00,18,Female,606081,Current
TX468,997.8899302843978,1,1038.628783022541,17,7,Tuesday,16:00,24,Female,420076,Savings
TX469,1042.9225558328333,3,995.3075886008518,14,17,Sunday,20:00,18,Female,547536,Savings
TX470,1051.384729675074,3,1006.4045437099869,17,3,Sunday,20:00,60,Male,966015,Savings
TX471,1031.7690679411135,2,1007.1484343243524,16,9,Monday,21:00,33,Female,1293778,Current
TX472,980.6160908197884,3,986.5305295469842,18,29,Wednesday,18:00,19,Male,1467272,Current
TX473,995.4937629504494,1,1020.467711632548,18,25,Tuesday,18:00,19,Male,639679,Current
TX474,2996.0045033332253,3,988.2352708082464,13,8,Thursday,14:00,45,Male,1051731,Current
TX475,969.6649852617352,2,1004.2256738455894,17,13,Saturday,14:00,37,Female,781215,Current
TX476,962.459734745613,2,998.1277518143311,12,27,Sunday,03:00,28,Female,1457738,Current
TX477,990.8403040889037,2,1013.0232292130463,18,17,Monday,01:00,32,Male,545144,Savings
TX478,916.9758666153089,2,1036.3927870412238,9,16,Friday,06:00,49,Female,1163731,Savings
TX479,1020.4881397979749,4,982.7782417965286,16,29,Wednesday,06:00,45,Female,948456,Savings
TX480,942.5422557880102,2,967.8037709260662,5,16,Sunday,02:00,38,Male,497097,Current
TX481,1093.231252841154,2,1022.1985919176067,16,10,Friday,12:00,28,Female,754151,Current
TX482,937.233194215692,1,1007.0625447599575,15,2,Saturday,11:00,27,Male,1260811,Savings
TX483,1018.9640435911325,2,1032.1814834494655,6,18,Thursday,18:00,43,Male,698102,Savings
TX484,3166.2506529955726,4,1011.9356555934995,18,6,Monday,14:00,20,Female,745093,Current
TX485,959.3493939139814,2,1014.6797845483713,17,28,Friday,13:00,30,Male,679747,Savings
TX486,1030.701282362924,4,1010.5678562373544,11,23,Saturday,23:00,37,Male,1266649,Savings
TX487,952.5287836637118,4,1028.694699593287,12,1,Friday,21:00,23,Female,1167196,Current
TX488,983.368134082452,1,1009.8308424175461,16,24,Saturday,17:00,23,Female,1476792,Current
TX489,1033.53704729751,4,994.1548047619646,17,6,Tuesday,01:00,25,Male,1217472,Current
TX490,964.635330968202,4,1002.5073063153034,15,20,Thursday,10:00,48,Male,636986,Current
TX491,1018.4300414560101,1,1006.3145053387099,15,3,Sunday,14:00,33,Female,552156,Current
TX492,1008.6092046120078,3,998.6417052487493,15,21,Wednesday,21:00,28,Male,414589,Current
TX493,1054.0883363836415,3,973.7556161313719,10,6,Sunday,13:00,41,Male,1193041,Current
TX494,948.4132710101744,3,1022.2672101188788,19,11,Tuesday,02:00,20,Female,739503,Savings
TX495,912.4315021716072,3,969.4485901238135,13,4,Friday,18:00,60,Female,1381916,Savings
TX496,932.2990820750798,3,988.9361563313023,11,24,Wednesday,13:00,51,Female,765590,Current
TX497,1075.8473394854323,1,1027.0227182652245,7,21,Thursday,17:00,21,Male,1182421,Current
TX498,1031.2754008415518,1,1017.7046296597798,18,11,Wednesday,17:00,44,Female,625329,Savings
TX499,974.0303506792812,3,1003.0688195190854,19,25,Monday,21:00,27,Male,300917,Current
TX500,1020.2050827504504,4,979.5605177921841,5,15,Thursday,21:00,39,Male,885457,Savings
TX501,1047.6299197324454,2,1009.4738627346445,6,20,Tuesday,15:00,50,Male,503834,Savings
TX502,1042.325904586367,2,1009.9953287699204,8,6,Wednesday,23:00,43,Female,436285,Savings
TX503,1010.7283701686757,1,1019.3804674723758,10,2,Thursday,21:00,43,Male,586663,Savings
TX504,1009.7101431078123,4,983.276442370254,12,29,Tuesday,16:00,37,Male,788051,Savings
TX505,1040.5040325954592,3,978.4425179406255,11,16,Friday,14:00,44,Male,821396,Savings
TX506,1012.3916488437012,1,1003.8674634765091,7,19,Thursday,04:00,59,Female,608974,Savings
TX507,1081.271592957939,3,1028.1505291507674,19,21,Saturday,13:00,37,Male,824006,Current
TX508,899.2397005822293,1,974.9717225503155,14,29,Wednesday,13:00,28,Male,1305489,Savings
TX509,940.3144506169585,3,993.973071006169,8,18,Saturday,23:00,27,Female,790399,Savings
TX510,987.191012375231,3,995.1700510825845,9,25,Thursday,23:00,40,Male,1338218,Savings
TX511,939.8399572305427,2,979.1591117551379,12,28,Tuesday,06:00,45,Male,1077635,Savings
TX512,977.1939586262906,1,1003.6285324022795,14,22,Thursday,17:00,55,Female,901982,Savings
TX513,975.5575078628615,3,994.431342347223,11,11,Thursday,13:00,49,Female,1241245,Savings
TX514,1011.8208931179967,4,978.73964016846,18,24,Wednesday,11:00,40,Male,1335408,Current
TX515,1015.6524854956573,2,999.2468011294911,13,23,Tuesday,20:00,51,Male,595599,Savings
TX516,1010.9037754326362,1,1000.4189473105029,19,10,Sunday,14:00,56,Female,537068,Savings
TX517,940.7819913843989,2,990.0123140281726,17,16,Monday,11:00,61,Male,417797,Current
TX518,978.7775648428759,3,1020.7165047683513,6,16,Sunday,06:00,21,Female,857242,Current
TX519,975.4219420700957,1,1006.8989000309257,17,17,Monday,04:00,23,Male,1214424,Current
TX520,1054.8812482430583,2,1000.7660117504485,8,28,Sunday,07:00,42,Male,498303,Savings
TX521,966.5134083755803,4,991.9786266615382,16,21,Saturday,02:00,45,Female,481890,Current
TX522,1022.0993003197515,2,991.3922904720597,17,6,Sunday,07:00,23,Male,456877,Savings
TX523,984.7597955241131,3,1014.7783094208737,19,29,Sunday,04:00,42,Female,1178878,Current
TX524,1020.4303653850884,3,993.8438305772223,19,22,Thursday,12:00,62,Female,573022,Savings
TX525,970.9588023576749,4,1002.6090822417735,17,17,Saturday,03:00,50,Female,893792,Current
TX526,964.2726495764565,2,994.7658986464355,12,18,Wednesday,12:00,40,Male,636199,Savings
TX527,967.1902022555778,3,985.3421422854555,17,7,Friday,16:00,45,Female,1138927,Savings
TX528,1068.6058423286186,3,1012.1449090736681,5,7,Friday,17:00,46,Male,789709,Savings
TX529,980.7489094143568,1,1007.6597796948186,18,21,Sunday,16:00,57,Female,1067442,Current
TX530,1038.4103608315868,2,1004.3079301091258,16,21,Sunday,19:00,47,Female,1117459,Current
TX531,1032.4614395152548,4,1015.1478693795477,13,15,Thursday,00:00,62,Female,1437613,Current
TX532,1011.2424408022819,3,1009.7092904929349,12,10,Saturday,18:00,28,Male,753222,Savings
TX533,1016.250706812827,4,991.075146515605,14,29,Friday,20:00,57,Male,768535,Current
TX534,968.0004091611275,1,996.675570305797,17,19,Saturday,07:00,58,Female,670608,Savings
TX535,964.863599204368,1,975.9061343434378,9,19,Tuesday,07:00,36,Female,834522,Current
TX536,1078.9059028781091,2,1019.7089937123044,16,2,Saturday,22:00,54,Female,684370,Current
TX537,890.2875878227234,1,1001.857152479434,15,4,Tuesday,12:00,49,Female,526256,Savings
TX538,1043.8023396264898,2,1029.4534135150197,7,26,Thursday,02:00,63,Female,1051287,Current
TX539,918.0257918737283,2,992.1505778787825,12,1,Sunday,11:00,25,Female,435639,Current
TX540,1032.023989760041,4,996.1899378800438,15,9,Sunday,15:00,29,Female,303358,Savings
TX541,1004.260472481695,2,940.1772805819855,12,22,Tuesday,08:00,43,Female,538483,Savings
TX542,1023.333549098304,3,1030.4201245431875,12,5,Wednesday,15:00,32,Male,492971,Savings
TX543,980.2518901751715,3,1011.5067772823116,6,23,Sunday,17:00,37,Male,902251,Current
TX544,986.4920003808668,3,1011.8785346884529,5,22,Monday,01:00,47,Male,1460152,Current
TX545,1011.3254324836006,1,1005.1010669777916,18,29,Monday,19:00,55,Male,404188,Savings
TX546,904.3872512290111,4,998.6273190782906,19,14,Monday,20:00,41,Female,949285,Savings
TX547,986.134197171701,3,1014.3032480152137,11,4,Wednesday,17:00,38,Female,1074107,Current
TX548,1003.3407441588703,4,1021.538456505857,7,8,Tuesday,09:00,42,Female,1486995,Savings
TX549,993.8645533202138,1,1001.867447485533,9,23,Friday,23:00,62,Female,804677,Current
TX550,3227.459108288036,4,1012.0423664078496,7,11,Thursday,11:00,29,Female,566150,Savings
TX551,1012.8876270071376,3,975.1647884903675,17,29,Saturday,08:00,56,Male,650164,Savings
TX552,971.272651193306,3,991.6027307782737,8,25,Thursday,00:00,39,Female,1047108,Savings
TX553,929.1783185901903,3,1013.0638622116062,14,22,Tuesday,20:00,32,Male,1450997,Current
TX554,891.784506607608,4,993.4280112381689,18,15,Monday,16:00,43,Female,1477228,Savings
TX555,996.586118868033,2,982.9725909937438,17,6,Wednesday,13:00,31,Female,866510,Savings
TX556,1011.4701623915718,1,978.3772577440468,15,13,Monday,20:00,52,Female,964635,Savings
TX557,1016.8035583962835,2,1039.1434906727927,19,5,Tuesday,19:00,23,Female,669349,Savings
TX558,1059.38595885832,4,1030.7112475583083,5,25,Saturday,13:00,30,Male,1101151,Current
TX559,1003.7960267129744,3,967.7985710517124,15,15,Thursday,02:00,34,Female,1047410,Current
TX560,1036.86262664716,2,978.1677761074359,16,8,Friday,16:00,24,Female,1449282,Savings
TX561,946.5356572290588,2,964.2610853732031,18,5,Sunday,14:00,21,Male,1054471,Savings
TX562,1015.8726630625088,2,993.3427919123498,8,13,Tuesday,12:00,19,Female,411362,Savings
TX563,1000.7122082006856,3,968.4729658220112,19,9,Sunday,12:00,19,Male,1253847,Savings
TX564,887.1933846253528,1,986.7361310324928,13,16,Wednesday,09:00,55,Male,489073,Savings
TX565,941.6881053070347,2,957.6831686953354,17,23,Friday,05:00,63,Female,1125963,Current
TX566,1036.6117253566326,4,995.7321556278571,14,18,Sunday,07:00,49,Female,1226921,Current
TX567,909.1010387306422,3,1015.1942459096833,19,3,Tuesday,10:00,60,Male,845726,Current
TX568,1075.3816779456843,1,986.1569557584622,10,24,Saturday,02:00,39,Female,645280,Current
TX569,1067.3334861877433,3,990.5130911619306,17,27,Tuesday,02:00,26,Male,356635,Savings
TX570,2973.267077942214,2,972.7150448956418,5,27,Monday,08:00,40,Male,1427113,Savings
TX571,935.3429228120676,3,1011.4478062235136,8,23,Saturday,01:00,62,Male,1056079,Savings
TX572,1069.526128580053,2,994.5964655851205,13,14,Tuesday,22:00,58,Female,923640,Current
TX573,1052.435356320828,2,1033.1081422617658,14,3,Wednesday,10:00,38,Female,340149,Current
TX574,1024.5603832706,4,992.8394124050603,13,10,Tuesday,21:00,28,Female,653039,Current
TX575,2713.5965868739063,1,1026.3660464970533,15,26,Saturday,11:00,60,Female,1240335,Savings
TX576,951.4623856218449,4,1028.2489480318284,11,22,Tuesday,14:00,25,Male,855710,Current
TX577,1042.3385387608246,4,957.4554515929701,16,12,Friday,10:00,34,Female,739358,Savings
TX578,964.6187052588987,1,985.7565227164791,12,5,Tuesday,15:00,53,Female,1443413,Current
TX579,1042.0991847726063,2,992.615855991051,11,16,Saturday,09:00,24,Female,404428,Savings
TX580,1018.1591149145635,1,1010.3909265954879,7,15,Thursday,14:00,63,Male,420243,Current
TX581,1012.6083675237787,4,976.2786153720117,9,27,Sunday,19:00,46,Male,380152,Savings
TX582,959.681865143185,2,973.0883319979007,6,5,Saturday,03:00,47,Male,858866,Current
TX583,952.712696965161,2,1012.1649238336994,10,29,Thursday,21:00,64,Male,476968,Savings
TX584,976.542931746045,2,971.437030091098,8,15,Sunday,19:00,26,Female,1038591,Current
TX585,981.2253056823891,4,1023.6470568818356,11,11,Friday,21:00,21,Female,884668,Savings
TX586,1012.2948413456452,4,940.9384979869747,7,10,Saturday,02:00,38,Male,1187198,Current
TX587,985.9865447768217,2,963.4803151674474,15,20,Tuesday,01:00,19,Female,1187099,Savings
TX588,1000.4522104099482,4,1042.0746383563262,18,7,Friday,10:00,41,Male,433248,Current
TX589,1027.7794342334469,4,1048.585652859025,19,17,Monday,10:00,45,Male,1093567,Current
TX590,952.3841809630602,2,986.4600972308293,11,2,Tuesday,23:00,21,Male,1303466,Current
TX591,977.3447066009644,2,1017.8944702929427,15,17,Saturday,01:00,33,Male,445281,Current
TX592,913.9777194881644,2,1036.553619658994,16,25,Friday,09:00,59,Male,682688,Current
TX593,1068.5268071998357,2,1013.90405800168,19,5,Saturday,15:00,62,Male,471541,Current
TX594,1018.5001423105183,3,986.1102342794468,13,16,Tuesday,01:00,29,Female,321067,Current
TX595,1003.9463909536111,1,993.9272292602428,6,16,Thursday,06:00,19,Female,853280,Current
TX596,1059.7281715592064,2,1018.4145102578779,15,2,Sunday,13:00,19,Male,831740,Current
TX597,1019.2716285870631,4,1025.633184335678,17,7,Friday,09:00,63,Male,442157,Current
TX598,1018.8160888515591,2,1006.2243179590298,12,6,Thursday,12:00,53,Male,1486837,Current
TX599,1095.0779627556835,4,1004.8963874778908,12,25,Monday,12:00,53,Female,1279091,Savings
TX600,994.2173215725885,4,1005.0517985475818,17,27,Wednesday,04:00,21,Female,900724,Savings
TX601,1060.6304118710227,3,1034.6966378245445,18,6,Thursday,15:00,34,Male,372684,Current
TX602,1010.1144528193145,1,995.1759450039971,13,22,Sunday,11:00,51,Female,1254138,Savings
TX603,1076.7574360003775,3,986.8608964720318,18,15,Wednesday,00:00,48,Female,947952,Current
TX604,942.391531023999,2,1003.5606146935875,11,8,Friday,19:00,52,Female,709925,Savings
TX605,977.8132242569754,2,1023.8984426973,17,5,Thursday,07:00,18,Female,897578,Savings
TX606,960.2155118502362,4,996.3230623855624,7,20,Saturday,02:00,18,Male,1172318,Savings
TX607,939.6489176071392,1,978.4937521390152,6,29,Thursday,05:00,25,Male,609378,Current
TX608,1042.1415622364216,4,1024.1296031083011,16,20,Friday,19:00,26,Female,971986,Savings
TX609,1088.0594062433686,1,999.9937265477645,15,13,Friday,21:00,45,Male,998419,Savings
TX610,1072.2356247182142,3,999.2257235323932,7,8,Thursday,07:00,59,Male,841529,Current
TX611,997.304757549713,3,980.3539283924537,17,28,Monday,19:00,36,Male,363014,Savings
TX612,998.8011348751018,3,1008.8254306904338,18,11,Tuesday,09:00,44,Male,622341,Savings
TX613,912.1819484180753,2,1003.5730145717807,18,20,Saturday,16:00,59,Male,776379,Current
TX614,1079.4919489090341,4,1011.48142441788,11,11,Sunday,03:00,42,Female,1315691,Current
TX615,1025.1392213447598,3,1035.9272164585393,7,21,Friday,13:00,41,Female,1334104,Current
TX616,1031.3416828514064,3,1003.729759079339,18,26,Wednesday,21:00,58,Male,778705,Current
TX617,1021.4158346187619,2,1001.5431299243544,13,22,Friday,18:00,50,Male,610435,Current
TX618,951.1009894728737,2,999.9653660354878,18,20,Friday,12:00,32,Female,1480594,Current
TX619,959.457443292966,2,1044.3668696602276,10,23,Monday,09:00,24,Female,736048,Savings
TX620,1122.2291376291253,1,989.1543532447467,6,6,Wednesday,19:00,50,Female,905108,Savings
TX621,989.8799005684328,4,1001.539079804511,15,22,Tuesday,03:00,18,Female,363965,Current
TX622,961.5344987754032,4,994.7734188109706,17,24,Wednesday,03:00,60,Female,1206395,Savings
TX623,961.4631470149569,3,991.1940642578488,15,27,Sunday,03:00,54,Male,510448,Current
TX624,900.4338976309895,4,1005.210348437075,11,9,Thursday,21:00,28,Female,1203275,Savings
TX625,988.4533775062336,2,1013.6968547466315,9,7,Friday,00:00,43,Male,1318454,Current
TX626,950.8438932709079,4,967.6238938228464,12,24,Saturday,18:00,54,Female,638526,Savings
TX627,1026.4258942197464,3,1025.6278509796568,13,22,Friday,11:00,46,Female,563328,Savings
TX628,903.4311569603481,2,1017.4049798782262,8,7,Friday,11:00,35,Female,555658,Current
TX629,1080.9190664423918,2,994.7790761623969,5,12,Wednesday,10:00,21,Male,1128282,Savings
TX630,911.1994122975799,1,1021.2788197512172,12,22,Tuesday,11:00,23,Female,1269752,Savings
TX631,984.8384537978566,3,999.3177019497131,19,14,Sunday,18:00,26,Female,407449,Savings
TX632,1070.0199897397642,4,1011.0844940789208,15,10,Wednesday,06:00,32,Male,875610,Savings
TX633,980.615004179572,4,991.7276866874072,17,15,Wednesday,05:00,29,Male,1446204,Current
TX634,881.1783571831069,3,993.2261732015625,14,20,Sunday,03:00,38,Female,591975,Savings
TX635,1084.7861438905434,4,1037.9457738954623,13,28,Saturday,12:00,24,Female,817733,Current
TX636,867.545022836647,2,1027.0300580691223,15,16,Saturday,07:00,42,Female,921912,Current
TX637,918.1197541271664,1,1002.3920052533421,11,11,Saturday,14:00,22,Female,1374602,Current
TX638,986.8729838358969,3,989.9726916103209,16,25,Thursday,18:00,44,Male,748648,Current
TX639,981.9344719016354,1,998.7163167742236,8,14,Monday,01:00,20,Male,425849,Current
TX640,1076.5097599431676,4,1013.2985432460348,11,13,Friday,04:00,42,Male,1131635,Current
TX641,1024.809959368166,2,989.2936657486468,14,23,Friday,17:00,64,Female,604958,Current
TX642,983.828453522549,3,1028.940709198424,13,23,Wednesday,18:00,52,Male,1226694,Current
TX643,1025.1357445886629,2,993.0341309283708,17,12,Monday,00:00,60,Male,1130326,Savings
TX644,991.4849517244687,3,1000.7912151650912,6,12,Sunday,00:00,36,Female,738963,Current
TX645,960.2221466029558,3,1008.4878787572203,12,16,Saturday,12:00,40,Female,1128411,Savings
TX646,951.7167598238395,2,1032.583327298019,12,12,Sunday,22:00,39,Male,1188916,Current
TX647,947.9772517193036,1,996.31523921109,5,6,Sunday,18:00,40,Female,480074,Current
TX648,908.4158876396987,3,978.9738017672131,6,23,Sunday,00:00,38,Male,558360,Savings
TX649,969.1773827349476,4,979.926775766564,6,24,Wednesday,14:00,57,Female,927122,Current
TX650,1060.2337219996853,4,987.5180257534857,15,6,Wednesday,08:00,62,Male,995385,Current
TX651,945.0954353281992,1,1000.7830918362625,11,20,Friday,21:00,45,Female,1065328,Savings
TX652,953.581416508889,2,1011.3551415417214,6,9,Saturday,10:00,55,Male,300901,Current
TX653,1003.2083562812337,4,992.7978809472363,7,23,Friday,02:00,50,Female,787063,Savings
TX654,955.5275625380226,3,993.4303405717893,18,1,Thursday,12:00,60,Male,1171905,Savings
TX655,1011.2169828389042,3,1018.0803510952263,11,19,Monday,15:00,26,Male,1470473,Savings
TX656,971.3902964853278,4,984.1997439583785,12,23,Tuesday,01:00,42,Female,733797,Savings
TX657,965.5583802837705,1,1002.8549667208991,15,7,Sunday,09:00,27,Male,347645,Current
TX658,1030.4866783924915,4,1033.1819104183944,8,29,Monday,14:00,21,Male,1153159,Current
TX659,1053.4189666847008,4,1012.0824177917704,5,16,Sunday,02:00,22,Male,396502,Savings
TX660,1053.2241376804284,3,1011.2473658323336,6,29,Friday,03:00,59,Male,635468,Savings
TX661,951.3310580986483,4,1020.1426667294631,7,16,Sunday,13:00,26,Female,1175817,Savings
TX662,1000.0093332317487,4,1023.0121510118614,9,10,Thursday,23:00,26,Female,1330451,Current
TX663,1100.6017065480305,4,1002.7234576612965,11,7,Sunday,20:00,40,Male,1147516,Current
TX664,1050.2188317381565,3,985.9892634398092,19,25,Sunday,17:00,37,Female,302795,Current
TX665,996.25220174953,4,1009.7109859060428,14,23,Saturday,02:00,52,Male,1246769,Savings
TX666,967.6527414375192,1,979.668782419753,7,22,Wednesday,18:00,64,Female,844061,Current
TX667,1005.4703799510029,4,1001.5151868639676,19,25,Thursday,22:00,52,Male,707821,Current
TX668,924.5906072823036,1,976.8604304971542,19,22,Wednesday,07:00,35,Female,506555,Current
TX669,982.025560489819,1,1050.0759245453755,19,13,Friday,06:00,44,Female,310785,Current
TX670,1021.8371770391741,2,995.2000356470688,11,6,Friday,22:00,34,Female,1233015,Savings
TX671,962.3622325437611,2,984.2232687672625,6,28,Wednesday,10:00,55,Male,1403036,Savings
TX672,1059.6367582708208,2,974.8426368818223,15,8,Wednesday,19:00,49,Female,352949,Savings
TX673,1051.4728740799178,4,1017.446307600569,10,4,Wednesday,02:00,62,Female,1072378,Current
TX674,1026.9572058975075,1,1019.5673987553954,6,4,Friday,08:00,34,Male,704911,Savings
TX675,1018.9405264748297,4,1007.5565844244431,19,3,Thursday,13:00,48,Female,483163,Savings
TX676,971.4126979021969,2,1006.652150206484,10,14,Tuesday,14:00,32,Male,1101818,Current
TX677,1053.2585982857192,4,1029.0523349097236,19,3,Saturday,14:00,30,Female,792503,Savings
TX678,1003.0068488984147,4,1006.9517820512553,18,20,Monday,12:00,18,Female,341505,Savings
TX679,928.2045238065737,1,973.6836836714499,17,2,Tuesday,21:00,24,Male,436668,Current
TX680,966.4462286546728,3,997.4150948409497,10,2,Monday,04:00,31,Female,447032,Savings
TX681,922.3286100766603,1,1034.917426722703,17,21,Saturday,02:00,54,Female,1223953,Savings
TX682,950.2298198487626,1,1036.5452300991403,14,23,Tuesday,03:00,38,Female,961414,Current
TX683,1044.829432711801,3,966.5550045086536,13,5,Friday,19:00,33,Male,494152,Current
TX684,960.1530369771488,2,1052.9628797150697,13,2,Monday,10:00,53,Male,855839,Current
TX685,1041.3800988163023,1,988.7707128626263,10,27,Saturday,00:00,35,Male,851238,Savings
TX686,994.0029363186763,4,1014.8081424475447,8,4,Friday,17:00,44,Female,1317375,Savings
TX687,951.2214717038526,3,1015.5062842103929,8,28,Saturday,15:00,51,Female,813622,Savings
TX688,957.9334419095512,1,1018.6748058507468,17,24,Tuesday,21:00,30,Male,861340,Savings
TX689,1056.9207760327854,3,1000.5602583071778,10,19,Saturday,01:00,21,Female,604962,Current
TX690,970.7387002108252,3,1020.113101861532,12,6,Saturday,00:00,21,Male,1180432,Current
TX691,951.2316986360875,3,1026.0701586386951,19,12,Tuesday,18:00,23,Female,770949,Savings
TX692,1005.7798998531861,3,977.6719044009993,7,22,Sunday,22:00,52,Male,1034172,Savings
TX693,896.2205995460733,2,998.2786061441822,5,16,Tuesday,22:00,34,Female,1054981,Savings
TX694,953.970855299706,2,990.1501921833267,12,22,Wednesday,23:00,36,Male,773656,Current
TX695,1024.2500645761613,1,990.6435563433547,10,5,Monday,18:00,18,Male,675572,Current
TX696,989.8541268494778,1,1004.4070365854709,10,8,Tuesday,15:00,45,Male,1267241,Current
TX697,982.9206039245636,3,1000.034687134849,11,7,Thursday,20:00,24,Male,732941,Savings
TX698,1106.8260372645052,2,974.7258341204199,14,18,Friday,16:00,54,Male,1293931,Current
TX699,1032.7487792110844,4,1016.2159729118342,5,22,Sunday,20:00,23,Female,986290,Savings
TX700,936.7750796522517,3,964.1378709493084,11,26,Friday,06:00,32,Male,382987,Current
TX701,1039.8497931861136,3,1009.0147758008709,13,5,Friday,01:00,50,Male,833285,Savings
TX702,1065.738991279825,2,988.6897742356471,7,15,Wednesday,22:00,46,Male,407041,Current
TX703,1077.6520538146324,3,950.3602732855938,7,26,Sunday,17:00,60,Female,1112934,Savings
TX704,1012.3905639757263,4,1025.6628061059616,10,7,Tuesday,06:00,43,Female,1483969,Savings
TX705,1025.678421367669,4,1037.3407421762245,5,1,Tuesday,18:00,64,Female,699017,Savings
TX706,1036.0764514728596,4,1002.1463182932392,13,15,Saturday,16:00,63,Male,801946,Current
TX707,973.7668796466598,4,1009.873096952863,6,7,Friday,14:00,42,Male,1487030,Savings
TX708,963.9291825127057,2,997.0438699290577,5,11,Tuesday,04:00,60,Female,974932,Current
TX709,963.8004834128695,4,996.0921929764595,18,24,Monday,16:00,41,Male,1080516,Current
TX710,984.0686298053702,4,1021.6447582305274,18,24,Monday,03:00,34,Female,985328,Current
TX711,1033.1362913259634,1,983.8572003404133,6,23,Friday,23:00,27,Male,939888,Current
TX712,976.4878203848359,1,991.4187224619708,17,18,Monday,08:00,31,Male,549264,Current
TX713,1133.8988638084938,3,1001.2938887819274,15,12,Monday,12:00,32,Male,1053818,Savings
TX714,923.3649720055034,3,996.0743869722413,14,20,Tuesday,13:00,45,Female,1233296,Savings
TX715,971.2059143770839,2,942.0021243945,5,10,Wednesday,16:00,61,Male,1134123,Current
TX716,972.9437313732578,3,1021.3374017675208,5,23,Tuesday,02:00,25,Female,1453891,Savings
TX717,1007.9823884703951,2,1011.4281677543756,8,16,Friday,21:00,18,Female,315896,Current
TX718,1083.4534762913165,2,981.1488398841625,12,29,Sunday,05:00,33,Male,655398,Savings
TX719,1014.8541725745417,2,1032.4245375945245,18,7,Monday,12:00,37,Male,1206814,Current
TX720,1003.8505378746472,2,980.6532960615059,15,2,Saturday,11:00,47,Male,325739,Current
TX721,1002.1176065383715,2,1010.9843036500009,12,2,Thursday,20:00,45,Male,529167,Savings
TX722,1048.0152398140735,4,1009.249672481337,6,20,Thursday,13:00,20,Male,1050774,Savings
TX723,1044.375198370703,4,1015.2169330862296,18,16,Wednesday,01:00,61,Female,416220,Current
TX724,2903.890237835333,4,1073.1540360799816,10,18,Thursday,19:00,47,Female,905556,Current
TX725,970.1512856639463,4,952.1939126506112,7,6,Thursday,20:00,60,Female,884326,Savings
TX726,983.5527957321349,4,1007.1860516017151,7,26,Friday,22:00,54,Male,598254,Current
TX727,978.3978117512933,2,985.4538387445939,9,8,Friday,10:00,55,Female,406311,Savings
TX728,1006.7020443116512,3,1004.812654880503,18,23,Saturday,09:00,29,Female,1348939,Current
TX729,1003.5445326411033,2,982.0793687246883,14,17,Monday,02:00,48,Male,1349458,Current
TX730,965.2517004350318,2,999.4434491074145,17,2,Tuesday,20:00,39,Female,696419,Current
TX731,950.0400147249487,4,1004.395934699962,5,10,Tuesday,05:00,25,Female,1418844,Current
TX732,1055.8123195259063,3,1030.160951828383,16,9,Tuesday,07:00,28,Female,900699,Savings
TX733,929.3852840035072,4,1001.803652749938,12,4,Friday,09:00,29,Female,748013,Current
TX734,1021.4460199090495,2,1012.2179534780159,9,12,Tuesday,06:00,37,Female,896822,Current
TX735,896.745847687184,2,1000.5691516236632,10,22,Friday,11:00,39,Male,994089,Current
TX736,1082.1689077902267,4,1007.2129578287158,7,10,Friday,23:00,23,Male,732184,Current
TX737,995.0015110091548,3,968.0872647822064,6,24,Thursday,19:00,49,Male,617231,Current
TX738,983.9003736353202,1,989.8455377339371,8,10,Tuesday,10:00,40,Female,341139,Savings
TX739,904.763056028263,3,975.589516505639,11,8,Monday,20:00,19,Male,1164785,Current
TX740,988.7449900120615,4,983.1525838854532,7,19,Tuesday,21:00,35,Female,733917,Current
TX741,966.0678469352948,4,993.6352494451476,9,10,Sunday,19:00,28,Female,1102009,Current
TX742,1014.0266170277629,4,1020.3218704329394,13,4,Tuesday,18:00,35,Male,657092,Current
TX743,954.1073784052031,3,987.089761478212,10,16,Monday,11:00,41,Female,1119745,Current
TX744,998.8849858140974,1,986.2222891484919,9,26,Saturday,21:00,30,Male,325938,Current
TX745,1046.6217435477333,3,991.6979942207327,14,26,Sunday,11:00,19,Female,1464395,Current
TX746,994.7828603506554,2,1007.8661410001065,16,2,Sunday,04:00,24,Male,968875,Savings
TX747,1011.0404253944046,4,979.7955519577629,13,15,Friday,12:00,22,Female,561578,Current
TX748,1012.5147655091521,1,1016.1823213648385,18,18,Sunday,09:00,24,Male,927751,Savings
TX749,919.3990549663737,3,984.4176405927464,8,21,Saturday,00:00,21,Male,1174506,Current
TX750,1015.7276085268385,3,1002.772917894236,17,21,Friday,12:00,44,Male,735686,Savings
TX751,980.5826530849421,4,993.8876177786337,18,29,Sunday,03:00,57,Male,356116,Savings
TX752,924.3862203629462,1,982.012517456907,16,9,Thursday,04:00,45,Female,906306,Current
TX753,945.0689787411094,2,1028.4100857454212,10,4,Friday,00:00,24,Female,836119,Savings
TX754,1033.493572737933,3,1004.0308800359884,14,11,Monday,14:00,55,Male,1367406,Current
TX755,991.9222008187056,3,987.502471644689,14,12,Saturday,03:00,48,Female,1155953,Current
TX756,993.3717161327552,3,992.548623152471,16,2,Thursday,04:00,20,Female,1348072,Savings
TX757,989.9823711102918,3,1004.636841842697,18,25,Sunday,01:00,58,Male,1160931,Current
TX758,944.3684719380931,2,999.3461936599759,19,28,Tuesday,15:00,29,Female,835620,Current
TX759,955.8770475883875,4,971.5285871563774,14,17,Wednesday,23:00,52,Female,590477,Savings
TX760,1084.2174258062491,2,1020.0004343018564,8,17,Wednesday,08:00,21,Male,1342630,Savings
TX761,1005.9648352511009,4,998.6608019340572,11,15,Sunday,14:00,57,Male,1023503,Current
TX762,1003.3296285875834,4,945.7351473167317,5,28,Tuesday,15:00,64,Female,633260,Savings
TX763,993.4631466643381,4,1022.0988384446194,18,12,Saturday,03:00,20,Female,971088,Current
TX764,961.7095009970644,3,999.3095640033738,9,24,Thursday,11:00,48,Female,340633,Savings
TX765,1011.1545612529947,3,1025.249797897539,11,28,Friday,20:00,32,Female,1023953,Current
TX766,1022.1360137596322,1,1019.9270197518157,6,14,Saturday,03:00,53,Male,510387,Savings
TX767,992.3594441466321,3,1030.1649480637,13,12,Friday,03:00,51,Male,1297057,Savings
TX768,933.5407433327559,1,998.7762312444196,14,10,Tuesday,05:00,44,Female,510047,Savings
TX769,951.392380089867,1,1019.6463896551089,18,21,Monday,08:00,34,Female,607268,Savings
TX770,1033.7704559465521,3,997.3471371148175,19,19,Thursday,17:00,50,Female,807532,Current
TX771,1019.7899424354873,1,1005.2710162390957,15,17,Thursday,11:00,27,Male,1234149,Current
TX772,3009.4014075242967,3,1001.7971232582677,9,28,Sunday,15:00,63,Female,1030070,Savings
TX773,1003.325913698034,1,987.3587848422588,16,5,Friday,17:00,64,Male,1157692,Current
TX774,1027.6978023541137,1,1017.1563768306958,7,10,Friday,02:00,58,Male,1261858,Savings
TX775,958.7650069821605,1,1026.6697699901013,11,20,Thursday,11:00,62,Male,525121,Savings
TX776,992.0157406255851,1,1008.6013137435064,5,23,Monday,16:00,19,Male,900338,Current
TX777,983.9768725120178,3,1000.495270761916,6,4,Wednesday,16:00,22,Male,1488597,Current
TX778,1099.4166996790298,4,1045.6099861295522,12,13,Thursday,05:00,42,Female,832125,Current
TX779,1125.5769798435072,1,999.1889876883553,8,19,Saturday,04:00,35,Male,1276809,Savings
TX780,1064.3312905051764,3,987.8003075696291,11,17,Monday,14:00,49,Male,1015003,Current
TX781,1008.8689585457234,3,958.0025353556191,7,13,Thursday,19:00,18,Female,319156,Current
TX782,1001.2605433770041,3,969.1376354411426,15,27,Saturday,06:00,39,Female,1181809,Current
TX783,1048.604540937823,1,1026.0686688303147,17,18,Thursday,07:00,48,Male,1333981,Savings
TX784,944.5876423641067,4,1031.881642639037,10,27,Sunday,08:00,26,Female,859650,Savings
TX785,1040.140202910661,2,1057.930372110395,8,7,Thursday,11:00,19,Female,1223882,Current
TX786,972.8203538138172,4,984.758094301087,8,29,Saturday,22:00,21,Female,545847,Savings
TX787,1020.6315311532937,3,987.9519675573127,16,10,Friday,11:00,59,Male,1092955,Savings
TX788,996.5938287416024,2,1007.2794126170547,19,12,Tuesday,16:00,21,Female,857373,Savings
TX789,996.02363661459,2,952.1263169653174,10,18,Saturday,12:00,51,Male,1065710,Savings
TX790,925.7971667537832,2,995.8306357891919,10,10,Wednesday,02:00,29,Female,950332,Savings
TX791,1060.3304077431958,4,969.456642868207,6,4,Tuesday,06:00,41,Male,927763,Current
TX792,978.8200709135912,2,972.687651916197,13,27,Friday,18:00,38,Male,369093,Current
TX793,968.4987510233053,4,1014.6391100501969,10,3,Sunday,23:00,61,Female,738744,Savings
TX794,1024.7352826887516,2,1007.6687006280729,17,27,Saturday,16:00,53,Female,1449697,Savings
TX795,999.0063182315844,4,997.8547046837812,16,11,Wednesday,21:00,64,Female,744854,Savings
TX796,1013.0313928800014,4,1005.9730889651898,12,5,Thursday,06:00,56,Female,572168,Savings
TX797,1008.0442191495885,1,981.5481466634494,12,10,Monday,07:00,33,Male,1381516,Savings
TX798,1089.5632532085353,1,1002.9470254628649,12,10,Tuesday,19:00,51,Male,1269246,Current
TX799,997.6314648727782,2,968.3564647330775,10,9,Sunday,19:00,51,Male,807800,Savings
TX800,909.8016679652661,1,1009.6391557449537,15,6,Friday,22:00,44,Male,353997,Savings
TX801,1032.471523310153,2,1011.6355791943778,8,25,Sunday,16:00,46,Female,457255,Savings
TX802,1092.948884722171,2,1019.6435797353338,6,15,Friday,06:00,35,Female,1000146,Savings
TX803,1019.809970019209,2,963.8328713516518,15,16,Thursday,17:00,40,Female,1453248,Current
TX804,1009.5746425836587,2,982.1294703009336,16,2,Saturday,12:00,58,Female,532911,Current
TX805,1014.7639970310435,1,984.47001719014,11,13,Thursday,23:00,44,Male,696601,Current
TX806,935.577490720535,3,1011.1781192232833,14,15,Friday,05:00,22,Female,779702,Current
TX807,1023.1371358352151,3,939.0814233783677,13,29,Saturday,18:00,56,Male,788195,Savings
TX808,1072.9319724251552,1,996.3672707140585,8,11,Monday,05:00,28,Male,1282426,Current
TX809,976.8521948695765,2,972.154476382882,18,2,Wednesday,03:00,28,Female,587166,Current
TX810,1017.6145222083143,3,982.5645862391684,5,25,Wednesday,05:00,37,Female,1425054,Savings
TX811,1054.0860847197546,4,990.8722707732505,17,10,Friday,08:00,19,Female,1344385,Savings
TX812,1038.8323014197074,2,998.8773143408083,6,12,Thursday,21:00,38,Female,889872,Current
TX813,1031.9879720891122,3,994.9988308841621,14,5,Saturday,20:00,62,Female,629963,Current
TX814,991.6761306525989,3,990.604066107477,15,16,Monday,15:00,54,Male,488674,Current
TX815,910.9420792767183,1,955.3906396175108,6,22,Wednesday,05:00,43,Male,412313,Current
TX816,946.1978610275677,1,1004.316389464372,15,8,Monday,20:00,24,Male,773919,Current
TX817,940.1301143822977,2,983.8134514863599,19,21,Thursday,07:00,63,Male,539646,Current
TX818,1023.0158359940169,1,1044.8845035987217,19,26,Tuesday,21:00,33,Female,1347635,Savings
TX819,980.157147754234,3,975.0644350432427,11,9,Friday,15:00,55,Male,1058171,Savings
TX820,991.705847500831,1,995.6399438283372,5,25,Monday,23:00,30,Male,1335865,Current
TX821,918.4362752215918,4,991.9305388001399,16,8,Sunday,04:00,59,Female,757576,Current
TX822,1042.5039666208777,1,1008.3536150447881,11,10,Tuesday,19:00,42,Male,1079957,Savings
TX823,1049.08904734779,2,967.0815230710797,10,21,Tuesday,17:00,40,Female,784353,Current
TX824,976.9415133982691,1,1015.1312934982628,5,17,Wednesday,00:00,62,Male,1171901,Savings
TX825,3094.6461734746645,3,987.3300662159096,15,24,Saturday,11:00,62,Female,1056556,Current
TX826,976.9583830101618,3,992.5314060996764,12,28,Thursday,15:00,57,Female,859119,Current
TX827,959.0133939094858,3,1016.866602197229,19,25,Tuesday,10:00,18,Female,1342137,Savings
TX828,974.6133348385122,3,962.8117334810748,17,10,Wednesday,17:00,51,Male,540617,Current
TX829,916.7345460661181,1,994.1695737816501,14,1,Friday,15:00,32,Female,536545,Savings
TX830,997.5397541913316,4,1009.7816775630149,16,13,Monday,23:00,52,Male,403535,Current
TX831,973.5111764578585,3,1020.5251285254197,13,16,Tuesday,18:00,18,Male,1460831,Savings
TX832,930.8253813732854,1,955.5511845081935,8,5,Friday,03:00,53,Female,442003,Current
TX833,975.6147313525628,1,1021.4866600954049,6,22,Tuesday,20:00,53,Female,531807,Current
TX834,1021.1439423376665,3,944.5155964803037,13,14,Monday,04:00,19,Male,320655,Savings
TX835,1037.122945679631,3,987.2482491584807,13,19,Wednesday,04:00,35,Female,389743,Savings
TX836,969.415016943351,2,941.2767593980169,11,12,Wednesday,04:00,34,Female,1160665,Current
TX837,1006.6093234757443,1,997.7056575175084,5,1,Thursday,03:00,35,Female,724632,Current
TX838,933.2473952286553,2,978.1966430158207,17,15,Friday,03:00,35,Male,1263313,Current
TX839,1013.9149489563915,4,993.9015557528535,15,14,Wednesday,18:00,59,Male,423199,Savings
TX840,1004.9409019464413,2,988.7322067007799,19,20,Tuesday,15:00,42,Female,323525,Current
TX841,992.3557940369531,1,985.0044631143179,16,20,Friday,07:00,61,Male,307265,Current
TX842,980.2763653285989,3,1006.3918529959001,17,9,Tuesday,00:00,20,Female,546301,Current
TX843,1032.7268424913573,2,986.6738175610183,13,29,Saturday,08:00,43,Male,378209,Savings
TX844,1001.4039387023995,1,1002.0845587825681,7,13,Sunday,11:00,52,Male,507158,Current
TX845,1020.2167738815305,3,981.754100736345,16,15,Tuesday,17:00,30,Female,1038925,Current
TX846,963.3736158086364,2,999.4343470258577,12,11,Sunday,01:00,54,Female,445693,Savings
TX847,990.1504675892843,3,987.7843610982826,7,13,Wednesday,23:00,23,Male,317194,Current
TX848,1043.9073967669265,4,995.072562831733,5,4,Tuesday,10:00,56,Male,559425,Savings
TX849,945.3929203285634,4,994.9264784491523,8,14,Thursday,21:00,47,Male,647761,Savings
TX850,948.6201124293785,2,990.2821035174924,12,2,Monday,14:00,26,Female,381171,Current
TX851,1046.983712401395,3,1024.8582676480025,19,8,Wednesday,22:00,44,Female,1055737,Savings
TX852,1050.9104792276348,2,947.6140210099813,14,29,Sunday,08:00,50,Male,509124,Current
TX853,955.6335270572115,3,1015.4359235447132,11,26,Thursday,07:00,22,Female,1326153,Savings
TX854,1054.80349537387,2,1008.5064261666022,9,22,Sunday,12:00,45,Female,1256010,Current
TX855,966.0384673403522,2,941.7148802036612,9,26,Friday,06:00,50,Female,1172089,Current
TX856,946.7621922326161,2,996.6271626270345,5,6,Saturday,17:00,55,Female,1414217,Current
TX857,1031.8662341511535,4,1032.3260008544382,16,10,Monday,22:00,46,Male,1080237,Current
TX858,1018.354792086693,3,997.3280441334446,16,3,Saturday,21:00,40,Female,395335,Savings
TX859,1012.3041807658204,1,983.9543994572091,14,21,Sunday,08:00,32,Female,466963,Current
TX860,1035.920871173582,3,996.8450603353702,14,2,Wednesday,05:00,20,Male,1282014,Current
TX861,1066.428973571073,3,971.3760755484275,7,18,Sunday,08:00,29,Female,648292,Savings
TX862,1023.4121649035767,4,999.5964669659746,19,29,Tuesday,11:00,30,Male,1399044,Current
TX863,1073.5517345408553,3,986.0100955966471,14,14,Friday,02:00,32,Male,1393982,Current
TX864,936.4294408912963,3,975.0541470993969,6,6,Sunday,18:00,57,Male,832249,Savings
TX865,1015.5748034344223,2,982.2867547668753,13,6,Sunday,20:00,18,Male,910682,Savings
TX866,1070.3467372945875,4,990.3176301083037,16,13,Monday,07:00,20,Male,1303750,Savings
TX867,969.5824617660331,2,1011.8506061463552,11,5,Monday,20:00,28,Female,1484836,Current
TX868,1119.418599643522,2,1023.6851329039234,18,5,Wednesday,10:00,40,Female,1123271,Savings
TX869,3108.4240342478265,3,1002.2359831640678,9,21,Tuesday,04:00,62,Female,687932,Savings
TX870,1042.8047927115003,4,1011.5012153510088,6,25,Tuesday,05:00,58,Female,399122,Current
TX871,982.0773697006425,4,1008.9921649541992,13,25,Wednesday,02:00,29,Male,920804,Savings
TX872,921.4593983430422,1,1011.4138963207109,19,22,Wednesday,20:00,37,Male,999495,Current
TX873,972.2963136383005,2,1007.6426100879327,8,28,Tuesday,19:00,29,Female,388780,Current
TX874,1029.2341640958962,1,992.595488162673,12,18,Sunday,17:00,30,Female,773594,Savings
TX875,1014.4912158275237,1,1011.8686751924822,19,5,Saturday,15:00,58,Female,913655,Current
TX876,976.5412900268996,4,1024.6849563085495,14,5,Thursday,22:00,33,Female,786626,Current
TX877,1024.840625356796,3,983.180372020269,9,14,Sunday,16:00,50,Female,1038456,Savings
TX878,2982.897582712563,3,972.3798538509401,5,26,Saturday,19:00,47,Male,551666,Current
TX879,970.3141970732319,2,1022.1653364565786,11,14,Monday,06:00,57,Female,1157617,Savings
TX880,1033.9910172914485,2,1002.7503914544737,5,19,Wednesday,05:00,52,Female,651863,Current
TX881,895.4848550573422,4,996.5948350640818,14,10,Friday,10:00,44,Male,764271,Current
TX882,992.4941524373097,3,974.7198766410527,5,16,Sunday,15:00,52,Female,1001433,Current
TX883,976.8687689974174,3,995.3595097916673,5,21,Tuesday,10:00,53,Female,1352631,Current
TX884,1047.650079638299,1,981.5141508228827,16,21,Friday,05:00,20,Female,392115,Savings
TX885,966.2313380598356,1,1023.1060082304339,9,6,Friday,01:00,64,Female,441774,Current
TX886,1066.2349352486526,2,996.8878414337412,10,7,Saturday,23:00,48,Female,553724,Savings
TX887,992.0847260995168,4,996.3229221368158,8,26,Friday,21:00,44,Female,1347738,Savings
TX888,1004.2252572846431,2,1015.9598909922447,9,26,Monday,02:00,25,Female,821397,Savings
TX889,981.0824058700117,1,1002.9063611065147,16,3,Wednesday,10:00,48,Female,558480,Current
TX890,1002.5268171396456,3,1029.796052631427,7,12,Sunday,10:00,54,Female,425604,Current
TX891,1012.389359052604,2,1032.0259666355519,16,2,Thursday,14:00,21,Male,1012917,Savings
TX892,1009.3429851116034,2,1011.7823635754531,7,11,Thursday,23:00,19,Female,308314,Current
TX893,972.9157198852159,2,1006.8173569025165,11,18,Saturday,21:00,27,Male,693186,Savings
TX894,951.362961318409,3,1010.283905054946,18,24,Thursday,10:00,56,Male,1315576,Savings
TX895,1043.5373322294201,3,1018.9762619294324,10,21,Thursday,19:00,61,Male,1274303,Savings
TX896,965.6492950150251,4,972.9888807131404,16,14,Monday,18:00,52,Male,1426500,Savings
TX897,933.1857955707515,4,1020.2487687365899,7,17,Monday,10:00,48,Male,1244353,Current
TX898,1009.2272651169673,2,1019.6911058192834,6,15,Sunday,16:00,49,Female,818790,Current
TX899,987.4992657032319,2,982.3557840800819,5,14,Saturday,18:00,41,Male,818993,Savings
TX900,1002.677031530775,2,1019.4321912650278,7,20,Friday,09:00,45,Male,831661,Savings
TX901,971.5275112753944,2,997.5195722522001,10,13,Friday,07:00,21,Female,831930,Current
TX902,1007.5771604216235,3,965.1721878734695,19,26,Monday,04:00,51,Female,1499110,Savings
TX903,954.9252446552922,2,1012.0674634589463,11,28,Sunday,13:00,55,Female,705123,Current
TX904,989.9959717096659,1,988.1499621239616,11,6,Thursday,04:00,20,Female,1099595,Savings
TX905,978.9261126347113,4,977.3791525140823,7,16,Thursday,10:00,57,Male,825122,Savings
TX906,1080.22537900827,3,978.8479559843014,18,2,Tuesday,18:00,26,Male,690447,Savings
TX907,940.1906564882034,1,993.863929711028,14,25,Thursday,13:00,61,Female,1150712,Savings
TX908,935.4719289026891,4,997.1348216927162,15,8,Tuesday,03:00,36,Male,816379,Current
TX909,1048.4774033444548,1,1009.4270498165546,14,19,Saturday,21:00,20,Female,928580,Savings
TX910,1019.4584905111724,3,1000.0141725536105,15,8,Thursday,01:00,26,Female,1143521,Savings
TX911,1061.7646257425213,4,996.5212985675914,11,8,Friday,21:00,50,Male,809163,Current
TX912,1069.2894711179904,4,1003.7582942238383,15,1,Wednesday,19:00,50,Male,751069,Current
TX913,1052.9390336745123,2,1003.9626330227175,12,25,Tuesday,01:00,26,Female,1191255,Current
TX914,946.1512226834745,2,1020.7176932310716,11,14,Tuesday,13:00,39,Female,1196650,Savings
TX915,946.8413322130325,4,1008.2926579048268,10,5,Wednesday,07:00,51,Female,590655,Current
TX916,1054.3551181007872,1,1006.304898531417,19,14,Thursday,21:00,33,Male,507580,Savings
TX917,1014.3387056191293,1,997.0558944262881,17,21,Tuesday,20:00,22,Female,311017,Savings
TX918,1057.1837869702413,1,1020.3690691852795,5,20,Monday,14:00,63,Female,1218472,Current
TX919,994.2598875620469,4,1011.3354345236836,14,25,Monday,16:00,42,Male,891293,Savings
TX920,1035.5705289732748,2,1062.2582040208767,18,7,Monday,23:00,21,Female,931581,Current
TX921,963.5588450453527,4,1006.0855678326507,19,6,Wednesday,22:00,21,Male,529171,Savings
TX922,991.3408080301913,3,993.4667448309963,12,1,Tuesday,06:00,29,Female,327197,Current
TX923,1002.139145106216,1,1009.8836042856159,6,13,Friday,22:00,53,Female,1405323,Savings
TX924,990.7037759525615,1,968.0121047561138,6,28,Thursday,14:00,48,Female,710343,Savings
TX925,1064.403786242619,4,1000.2901799852531,9,9,Sunday,07:00,49,Male,721743,Savings
TX926,1014.5522016430823,3,1040.084575485408,9,13,Sunday,04:00,60,Female,1447547,Current
TX927,1052.1530688647406,3,1027.2480387087683,11,7,Saturday,02:00,62,Male,1089622,Savings
TX928,957.9003110119199,1,1002.6557563015413,8,27,Monday,13:00,34,Female,643243,Current
TX929,999.2656792804063,4,963.9699400698385,12,23,Thursday,09:00,46,Male,557137,Current
TX930,983.7134772374776,2,1014.8109073174887,10,21,Friday,08:00,53,Female,1459070,Current
TX931,1046.999040904641,1,992.2091441083369,19,9,Sunday,09:00,29,Female,412223,Savings
TX932,1007.1474805057694,4,1004.5342337268113,10,26,Thursday,10:00,52,Female,588997,Current
TX933,955.537815555295,1,1003.8852281935852,6,16,Monday,19:00,39,Male,1119593,Savings
TX934,1002.064372779372,4,1020.7431779731648,10,27,Thursday,04:00,40,Male,991898,Current
TX935,1019.1448228105544,2,1013.7796790545011,12,27,Thursday,18:00,31,Female,566278,Savings
TX936,2833.966439317554,3,1039.2559248674122,10,12,Tuesday,17:00,24,Female,1018960,Current
TX937,999.9536686884924,4,989.5715591183073,11,22,Monday,02:00,55,Male,913587,Current
TX938,936.1832039686731,4,983.3956656221545,18,17,Wednesday,09:00,52,Female,1058271,Savings
TX939,1002.8801113002621,3,986.5626517823234,18,27,Monday,03:00,40,Male,1012585,Savings
TX940,1070.2585027797682,1,995.1731445519398,18,15,Tuesday,03:00,54,Female,472903,Savings
TX941,946.3155670541124,3,1001.6216508580164,7,18,Friday,18:00,36,Female,1260814,Current
TX942,998.0052808124144,2,971.9152086747682,8,16,Wednesday,06:00,29,Female,721001,Current
TX943,949.9166743189537,1,1015.7628708794189,8,21,Friday,19:00,41,Male,1148182,Savings
TX944,967.4842160068954,1,1012.2074739945057,11,26,Wednesday,08:00,29,Male,1143810,Current
TX945,1029.4250393130596,1,1013.3374469015158,17,23,Wednesday,09:00,54,Female,672646,Savings
TX946,1017.6711261902778,2,994.4572906151956,11,11,Sunday,12:00,48,Male,781153,Savings
TX947,1009.2562517157008,2,970.9875669329439,11,4,Wednesday,01:00,33,Male,1389100,Savings
TX948,1012.6187104766803,4,1008.9572665519856,7,7,Saturday,07:00,30,Male,1081608,Current
TX949,1039.902993667617,1,976.4665634185988,15,7,Tuesday,18:00,21,Female,400025,Savings
TX950,1002.8594308595932,1,1009.1293950285742,16,7,Monday,00:00,18,Male,1037371,Current
TX951,959.214444468652,1,1022.3467108000397,8,1,Thursday,02:00,35,Male,373704,Current
TX952,955.9287546916323,3,1028.0833188020079,18,29,Thursday,04:00,43,Male,1241208,Current
TX953,1083.6849223110432,4,981.6697401271356,8,6,Thursday,20:00,30,Male,1329237,Current
TX954,934.9206008598335,3,962.9396303420486,11,20,Monday,13:00,53,Female,741168,Savings
TX955,1010.9329653378649,4,991.0735896953131,12,20,Friday,07:00,41,Female,789858,Current
TX956,981.5530280484269,2,1004.2761758788213,10,14,Monday,12:00,50,Male,919225,Current
TX957,963.0453692160764,2,974.2808921541911,12,3,Sunday,18:00,47,Female,1112002,Savings
TX958,970.7047019659412,4,993.0247107060071,16,29,Wednesday,16:00,57,Male,1490064,Savings
TX959,1033.1435215052315,4,1001.5119897890188,15,25,Monday,01:00,27,Male,694569,Current
TX960,1005.3584957629798,4,978.4297451727081,16,11,Sunday,22:00,44,Female,1390284,Savings
TX961,1008.1599229748178,2,991.6353442889016,10,9,Monday,14:00,43,Male,1131431,Savings
TX962,971.280877476853,1,1006.6967639004924,10,22,Wednesday,09:00,18,Female,305435,Savings
TX963,989.7005141881099,2,988.5518945962735,11,7,Wednesday,03:00,48,Female,1321728,Current
TX964,996.1777436385751,3,984.8923284531251,11,29,Monday,09:00,19,Male,336069,Savings
TX965,1025.668628431901,2,972.487685686385,7,24,Sunday,10:00,32,Female,984659,Current
TX966,958.1649763291427,1,1012.0951845147655,6,18,Sunday,14:00,35,Female,443953,Current
TX967,951.710868356802,4,989.2285265340676,8,2,Wednesday,06:00,55,Female,941629,Current
TX968,979.3760494056031,2,985.2260500334088,12,1,Wednesday,01:00,38,Male,586268,Savings
TX969,1013.6210698326805,3,1008.349301796426,16,22,Thursday,17:00,18,Female,665837,Savings
TX970,1013.1844743534747,4,1024.4445541670968,12,13,Saturday,01:00,33,Male,998093,Current
TX971,1017.5883068907162,3,1010.476147261755,15,29,Friday,16:00,56,Male,429065,Savings
TX972,1030.4914538831747,4,958.4073343550592,14,27,Tuesday,13:00,29,Male,1102207,Savings
TX973,1080.9393819830434,3,1008.3165325891068,5,24,Friday,09:00,19,Female,333734,Current
TX974,925.1920593417675,2,981.6357566698042,18,17,Monday,08:00,37,Female,993812,Current
TX975,960.6129919552185,1,985.2400410010775,8,9,Monday,21:00,35,Male,360107,Savings
TX976,1023.78480161063,3,983.9685212384264,11,16,Friday,15:00,18,Female,824658,Current
TX977,1095.3648918213278,2,971.2781697492989,10,8,Friday,00:00,19,Male,870141,Current
TX978,991.7140285663288,3,999.82690692159,13,10,Thursday,04:00,21,Male,924588,Savings
TX979,1008.7587474654501,1,980.6944732080088,11,29,Tuesday,00:00,59,Male,465486,Current
TX980,1023.7794217964291,1,965.0620861730889,11,7,Sunday,11:00,42,Male,512854,Savings
TX981,996.4329151354827,1,1017.0249156345882,5,1,Wednesday,05:00,54,Male,430334,Savings
TX982,1002.1197493369395,2,1009.0995233823804,18,4,Thursday,20:00,32,Male,899559,Savings
TX983,962.7621522380082,4,993.3924787331805,8,16,Saturday,11:00,33,Female,890642,Savings
TX984,1049.985740163272,1,982.0366123369577,19,18,Tuesday,09:00,56,Male,449457,Savings
TX985,1075.5540097567564,3,957.3272831668236,8,28,Friday,19:00,27,Female,381238,Current
TX986,1008.3785052900495,1,1023.2451919501134,14,22,Thursday,00:00,30,Male,379360,Savings
TX987,944.7207645493021,4,1017.3389233182118,19,23,Friday,10:00,34,Male,525121,Savings
TX988,990.4879577793392,3,970.051066627885,19,17,Sunday,08:00,27,Female,511463,Savings
TX989,937.8876733225385,1,977.4882577193606,10,17,Wednesday,19:00,26,Female,393476,Current
TX990,1002.6660834214402,2,986.612349306929,13,3,Monday,21:00,40,Male,300801,Current
TX991,3091.3103383686625,2,988.8573885485554,14,16,Thursday,00:00,25,Male,912236,Savings
TX992,921.2851325722223,2,979.9879523777936,18,5,Tuesday,18:00,64,Female,878725,Current
TX993,946.0890914941849,4,1007.5418044085355,8,21,Tuesday,17:00,27,Female,833857,Savings
TX994,982.2441717278446,4,974.0072466027517,17,29,Saturday,13:00,21,Male,1142329,Current
TX995,901.1387577380509,3,976.3632286118202,17,19,Monday,05:00,46,Female,424746,Savings
TX996,928.962515516045,4,1028.292292362822,10,25,Wednesday,09:00,58,Female,908278,Current
TX997,950.9216002721801,2,1022.8234236770759,13,28,Friday,02:00,58,Female,1353498,Current
TX998,933.2919620497505,4,994.3254499109345,10,8,Tuesday,04:00,58,Female,359072,Savings
TX999,968.2893403157236,3,979.078419682935,18,10,Sunday,10:00,31,Female,1101680,Current
